ym,tmean,rh,precip,n_rh,n_precip,wmo_valid,days_expected,n_reconstructed,days_missing,year,month,frac_reconstructed
2003-01-01,11.706451612903225,,174.5,23,30,True,31,8,0,2003,1,0.25806451612903225
2003-02-01,11.585714285714285,70.51666666666667,114.39999999999999,24,28,True,28,4,0,2003,2,0.14285714285714285
2003-03-01,10.745161290322581,73.1923076923077,114.4,26,30,True,31,5,0,2003,3,0.16129032258064516
2003-04-01,10.566666666666666,62.89666666666667,46.1,30,28,True,30,0,0,2003,4,0.0
2003-05-01,8.929032258064517,58.223333333333336,36.7,30,29,True,31,1,0,2003,5,0.03225806451612903
2003-06-01,6.59,57.6,4.8,30,30,True,30,0,0,2003,6,0.0
2003-07-01,7.216129032258065,58.3,0.2,31,28,True,31,0,0,2003,7,0.0
2003-08-01,8.2,58.38,9.6,30,29,True,31,1,0,2003,8,0.03225806451612903
2003-09-01,9.729999999999999,55.99310344827586,42.900000000000006,29,26,True,30,1,0,2003,9,0.03333333333333333
2003-10-01,11.661290322580646,53.56551724137931,25.4,29,26,True,31,2,0,2003,10,0.06451612903225806
2003-11-01,12.663333333333332,52.20769230769231,8.6,26,27,True,30,4,0,2003,11,0.13333333333333333
2003-12-01,12.435483870967742,,131.8,23,29,True,31,8,0,2003,12,0.25806451612903225
2004-01-01,10.616129032258065,77.9962962962963,208.9,27,30,True,31,4,0,2004,1,0.12903225806451613
2004-02-01,11.406896551724138,71.48846153846154,125.2,26,26,True,29,3,0,2004,2,0.10344827586206896
2004-03-01,11.922580645161291,66.07000000000001,115.5,30,27,True,31,1,0,2004,3,0.03225806451612903
2004-04-01,10.84,65.45555555555555,29.2,27,25,True,30,3,0,2004,4,0.1
2004-05-01,8.903225806451612,51.225806451612904,6.2,31,31,True,31,0,0,2004,5,0.0
2004-06-01,7.096666666666667,52.83793103448276,0.0,29,27,True,30,1,0,2004,6,0.03333333333333333
2004-07-01,7.209677419354839,55.317241379310346,10.2,29,30,True,31,2,0,2004,7,0.06451612903225806
2004-08-01,8.458620689655174,62.88965517241379,43.0,29,27,True,31,0,2,2004,8,0.0
2004-09-01,10.476666666666667,58.11785714285714,34.3,28,27,True,30,2,0,2004,9,0.06666666666666667
2004-10-01,11.929032258064517,51.36896551724138,5.6000000000000005,29,27,True,31,2,0,2004,10,0.06451612903225806
2004-11-01,,,,0,0,False,30,0,30,2004,11,0.0
2004-12-01,12.76896551724138,,59.1,24,28,True,31,5,2,2004,12,0.16129032258064516
2005-01-01,11.96551724137931,,103.3,24,26,True,31,5,2,2005,1,0.16129032258064516
2005-02-01,10.87142857142857,71.65416666666667,157.9,24,28,True,28,4,0,2005,2,0.14285714285714285
2005-03-01,11.641379310344828,65.692,134.6,25,31,True,31,4,2,2005,3,0.12903225806451613
2005-04-01,11.048275862068964,62.614285714285714,45.7,28,29,True,30,1,1,2005,4,0.03333333333333333
2005-05-01,9.226666666666667,52.88333333333333,0.4,30,31,True,31,0,1,2005,5,0.0
2005-06-01,6.59,52.57666666666667,0.0,30,30,True,30,0,0,2005,6,0.0
2005-07-01,7.953333333333333,47.873333333333335,0.0,30,31,True,31,0,1,2005,7,0.0
2005-08-01,8.517241379310345,46.679310344827584,0.0,29,30,True,31,0,2,2005,8,0.0
2005-09-01,10.17,48.88965517241379,11.8,29,29,True,30,1,0,2005,9,0.03333333333333333
2005-10-01,11.53103448275862,52.79600000000001,39.5,25,26,True,31,4,2,2005,10,0.12903225806451613
2005-11-01,12.346428571428572,56.24814814814815,80.5,27,24,True,30,1,2,2005,11,0.03333333333333333
2005-12-01,12.35483870967742,62.75185185185185,97.4,27,27,True,31,4,0,2005,12,0.12903225806451613
2006-01-01,10.346666666666666,75.49600000000001,291.1,25,30,True,31,5,1,2006,1,0.16129032258064516
2006-02-01,11.571428571428571,70.5037037037037,62.3,27,24,True,28,1,0,2006,2,0.03571428571428571
2006-03-01,11.139999999999999,73.56896551724138,159.6,29,28,True,31,1,1,2006,3,0.03225806451612903
2006-04-01,10.403333333333334,66.51379310344828,44.6,29,29,True,30,1,0,2006,4,0.03333333333333333
2006-05-01,8.16,56.65333333333333,0.9,30,31,True,31,0,1,2006,5,0.0
2006-06-01,7.603448275862069,56.52413793103448,0.0,29,29,True,30,0,1,2006,6,0.0
2006-07-01,6.73,51.37,0.0,30,31,True,31,0,1,2006,7,0.0
2006-08-01,8.936666666666667,55.86666666666667,,30,24,True,31,0,1,2006,8,0.0
2006-09-01,10.285185185185185,52.04,21.2,25,26,True,30,2,3,2006,9,0.06666666666666667
2006-10-01,11.861290322580645,54.303703703703704,37.4,27,28,True,31,4,0,2006,10,0.12903225806451613
2006-11-01,12.33448275862069,,53.800000000000004,22,28,True,30,7,1,2006,11,0.23333333333333334
2006-12-01,12.345161290322581,64.88,101.5,25,29,True,31,6,0,2006,12,0.1935483870967742
2007-01-01,12.074193548387097,,84.8,23,27,True,31,8,0,2007,1,0.25806451612903225
2007-02-01,11.789285714285715,69.36,171.0,25,27,True,28,3,0,2007,2,0.10714285714285714
2007-03-01,10.538709677419355,75.08928571428571,236.70000000000002,28,30,True,31,3,0,2007,3,0.0967741935483871
2007-04-01,10.639999999999999,70.17241379310344,49.699999999999996,29,30,True,30,1,0,2007,4,0.03333333333333333
2007-05-01,9.979999999999999,57.78,10.6,30,28,True,31,0,1,2007,5,0.0
2007-06-01,8.848148148148148,56.06296296296296,0.0,27,29,True,30,0,3,2007,6,0.0
2007-07-01,7.924137931034483,52.38965517241379,3.3,29,30,True,31,0,2,2007,7,0.0
2007-08-01,9.74,50.083333333333336,1.6,30,30,True,31,0,1,2007,8,0.0
2007-09-01,10.186666666666667,64.48965517241379,61.300000000000004,29,29,True,30,1,0,2007,9,0.03333333333333333
2007-10-01,11.95,58.78076923076923,77.0,26,29,True,31,2,3,2007,10,0.06451612903225806
2007-11-01,11.855555555555556,62.62692307692308,44.2,26,28,True,30,1,3,2007,11,0.03333333333333333
2007-12-01,12.120689655172415,66.50357142857142,74.1,28,29,True,31,1,2,2007,12,0.03225806451612903
2008-01-01,10.837931034482759,75.11851851851851,209.70000000000002,27,30,True,31,2,2,2008,1,0.06451612903225806
2008-02-01,11.346428571428572,69.4076923076923,85.8,26,28,True,29,2,1,2008,2,0.06896551724137931
2008-03-01,10.9,,95.39999999999999,24,29,True,31,5,2,2008,3,0.16129032258064516
2008-04-01,10.666666666666666,59.300000000000004,8.4,29,30,True,30,1,0,2008,4,0.03333333333333333
2008-05-01,8.796666666666665,49.983333333333334,6.8,30,30,True,31,0,1,2008,5,0.0
2008-06-01,8.683333333333334,43.55862068965517,1.4,29,30,True,30,1,0,2008,6,0.03333333333333333
2008-07-01,7.367741935483871,47.70322580645161,0.2,31,30,True,31,0,0,2008,7,0.0
2008-08-01,8.925806451612903,47.516129032258064,0.8,31,31,True,31,0,0,2008,8,0.0
2008-09-01,10.510344827586207,47.16206896551724,2.4,29,28,True,30,0,1,2008,9,0.0
2008-10-01,11.963333333333333,53.97931034482759,79.4,29,30,True,31,1,1,2008,10,0.03225806451612903
2008-11-01,13.16,52.885714285714286,27.2,28,26,True,30,2,0,2008,11,0.06666666666666667
2008-12-01,11.386206896551723,,144.2,21,31,True,31,8,2,2008,12,0.25806451612903225
2009-01-01,11.596774193548388,,154.0,21,29,True,31,10,0,2009,1,0.3225806451612903
2009-02-01,11.203571428571427,,136.1,22,28,True,28,6,0,2009,2,0.21428571428571427
2009-03-01,11.393548387096773,63.5037037037037,148.3,27,29,True,31,4,0,2009,3,0.12903225806451613
2009-04-01,10.963333333333333,60.54137931034483,83.0,29,29,True,30,1,0,2009,4,0.03333333333333333
2009-05-01,9.658064516129032,50.53333333333333,0.4,30,30,True,31,1,0,2009,5,0.03225806451612903
2009-06-01,7.6,44.25,0.0,30,30,True,30,0,0,2009,6,0.0
2009-07-01,8.832258064516129,44.516129032258064,2.5,31,30,True,31,0,0,2009,7,0.0
2009-08-01,9.1,40.486666666666665,0.0,30,31,True,31,0,1,2009,8,0.0
2009-09-01,11.410344827586206,46.45384615384615,16.4,26,30,True,30,3,1,2009,9,0.1
2009-10-01,12.696666666666665,51.75185185185185,56.4,27,31,True,31,3,1,2009,10,0.0967741935483871
2009-11-01,12.686206896551724,,88.89999999999999,17,27,True,30,12,1,2009,11,0.4
2009-12-01,12.92,,62.5,22,30,True,31,8,1,2009,12,0.25806451612903225
2010-01-01,12.280645161290321,,99.3,24,28,True,31,7,0,2010,1,0.22580645161290322
2010-02-01,12.069230769230769,,192.8,16,28,True,28,10,2,2010,2,0.35714285714285715
2010-03-01,12.625806451612902,64.25384615384615,56.300000000000004,26,26,True,31,5,0,2010,3,0.16129032258064516
2010-04-01,12.133333333333333,59.13928571428572,12.3,28,25,True,30,2,0,2010,4,0.06666666666666667
2010-05-01,10.683333333333334,56.282758620689656,16.1,29,30,True,31,1,1,2010,5,0.03225806451612903
2010-06-01,9.93,52.35333333333333,0.0,30,30,True,30,0,0,2010,6,0.0
2010-07-01,8.716129032258063,45.306451612903224,0.0,31,30,True,31,0,0,2010,7,0.0
2010-08-01,9.843333333333334,46.521428571428565,7.1,28,31,True,31,2,1,2010,8,0.06451612903225806
2010-09-01,11.623333333333333,49.406666666666666,2.9,30,30,True,30,0,0,2010,9,0.0
2010-10-01,12.185185185185185,,33.4,22,26,True,31,5,4,2010,10,0.16129032258064516
2010-11-01,13.367857142857144,45.76923076923077,15.0,26,30,True,30,2,2,2010,11,0.06666666666666667
2010-12-01,12.010344827586207,,146.7,23,29,True,31,6,2,2010,12,0.1935483870967742
2011-01-01,12.093548387096773,68.925,122.7,28,28,True,31,3,0,2011,1,0.0967741935483871
2011-02-01,10.610714285714286,78.91923076923078,202.9,26,26,True,28,2,0,2011,2,0.07142857142857142
2011-03-01,10.773333333333333,78.31,116.5,30,28,True,31,0,1,2011,3,0.0
2011-04-01,11.158620689655173,68.52413793103449,46.8,29,29,True,30,0,1,2011,4,0.0
2011-05-01,9.980645161290322,61.72666666666667,4.800000000000001,30,31,True,31,1,0,2011,5,0.03225806451612903
2011-06-01,8.536666666666667,55.75,0.0,30,30,True,30,0,0,2011,6,0.0
2011-07-01,8.154838709677419,55.58387096774193,6.3999999999999995,31,29,True,31,0,0,2011,7,0.0
2011-08-01,10.19,53.49,0.2,30,30,True,31,0,1,2011,8,0.0
2011-09-01,10.566666666666666,57.353571428571435,45.800000000000004,28,28,True,30,2,0,2011,9,0.06666666666666667
2011-10-01,11.94,51.288000000000004,25.7,25,30,True,31,5,1,2011,10,0.16129032258064516
2011-11-01,13.182758620689656,,48.5,19,30,True,30,10,1,2011,11,0.3333333333333333
2011-12-01,11.596666666666666,,151.3,20,29,True,31,10,1,2011,12,0.3225806451612903
2012-01-01,11.35483870967742,68.48571428571428,135.4,28,29,True,31,3,0,2012,1,0.0967741935483871
2012-02-01,10.134482758620688,76.656,294.8,25,27,True,29,4,0,2012,2,0.13793103448275862
2012-03-01,10.712903225806452,71.24333333333334,209.9,30,29,True,31,1,0,2012,3,0.03225806451612903
2012-04-01,10.671428571428573,68.78148148148148,60.1,27,28,True,30,1,2,2012,4,0.03333333333333333
2012-05-01,8.961290322580645,56.13225806451613,0.0,31,31,True,31,0,0,2012,5,0.0
2012-06-01,8.163333333333334,51.07333333333334,0.2,30,30,True,30,0,0,2012,6,0.0
2012-07-01,8.106451612903227,50.193548387096776,0.0,31,29,True,31,0,0,2012,7,0.0
2012-08-01,9.213333333333333,47.99,5.6,30,30,True,31,0,1,2012,8,0.0
2012-09-01,10.910344827586206,52.62692307692308,9.8,26,29,True,30,3,1,2012,9,0.1
2012-10-01,12.748387096774193,54.06206896551724,7.6000000000000005,29,28,True,31,2,0,2012,10,0.06451612903225806
2012-11-01,,,,26,28,False,30,0,30,2012,11,0.0
2012-12-01,11.070967741935483,,155.9,20,28,True,31,11,0,2012,12,0.3548387096774194
2013-01-01,10.927586206896551,,153.0,22,29,True,31,7,2,2013,1,0.22580645161290322
2013-02-01,10.9,80.75,175.8,26,28,True,28,2,0,2013,2,0.07142857142857142
2013-03-01,11.360000000000001,72.40344827586206,100.0,29,31,True,31,1,1,2013,3,0.03225806451612903
2013-04-01,10.526666666666667,59.582142857142856,14.3,28,30,True,30,2,0,2013,4,0.06666666666666667
2013-05-01,9.623333333333333,61.776,22.4,25,29,True,31,5,1,2013,5,0.16129032258064516
2013-06-01,7.803571428571429,58.74285714285714,12.5,28,29,True,30,0,2,2013,6,0.0
2013-07-01,7.944827586206896,59.48275862068966,1.5,29,29,True,31,0,2,2013,7,0.0
2013-08-01,8.399999999999999,55.54,4.5,30,29,True,31,1,0,2013,8,0.03225806451612903
2013-09-01,10.253333333333334,51.103571428571435,11.6,28,30,True,30,2,0,2013,9,0.06666666666666667
2013-10-01,11.625806451612902,61.013333333333335,32.9,30,30,True,31,1,0,2013,10,0.03225806451612903
2013-11-01,12.173333333333334,,61.400000000000006,23,30,True,30,7,0,2013,11,0.23333333333333334
2013-12-01,11.287096774193548,68.95925925925927,117.1,27,28,True,31,4,0,2013,12,0.12903225806451613
2014-01-01,11.027586206896553,70.62142857142858,145.0,28,30,True,31,1,2,2014,1,0.03225806451612903
2014-02-01,11.511111111111111,72.23461538461538,107.7,26,26,True,28,1,1,2014,2,0.03571428571428571
2014-03-01,11.2,75.36451612903227,60.5,31,31,True,31,0,0,2014,3,0.0
2014-04-01,10.696666666666665,69.87241379310345,40.9,29,29,True,30,1,0,2014,4,0.03333333333333333
2014-05-01,9.753333333333334,57.741379310344826,0.1,29,31,True,31,1,1,2014,5,0.03225806451612903
2014-06-01,9.543333333333333,54.61379310344827,0.0,29,30,True,30,1,0,2014,6,0.03333333333333333
2014-07-01,8.864516129032259,53.193548387096776,0.2,31,30,True,31,0,0,2014,7,0.0
2014-08-01,9.12258064516129,59.61034482758621,28.9,29,28,True,31,2,0,2014,8,0.06451612903225806
2014-09-01,9.773333333333333,66.47407407407407,66.9,27,24,True,30,3,0,2014,9,0.1
2014-10-01,10.9,64.22,45.2,25,30,True,31,5,1,2014,10,0.16129032258064516
2014-11-01,12.33,60.53703703703704,29.8,27,28,True,30,3,0,2014,11,0.1
2014-12-01,12.373333333333333,,90.6,22,30,True,31,8,1,2014,12,0.25806451612903225
2015-01-01,10.370967741935484,,96.4,24,30,True,31,7,0,2015,1,0.22580645161290322
2015-02-01,11.057142857142859,73.028,121.0,25,28,True,28,3,0,2015,2,0.10714285714285714
2015-03-01,10.803225806451612,73.56551724137931,187.0,29,28,True,31,2,0,2015,3,0.06451612903225806
2015-04-01,9.9,78.03793103448275,114.1,29,27,True,30,1,0,2015,4,0.03333333333333333
2015-05-01,9.75,70.84666666666666,0.2,30,29,True,31,0,1,2015,5,0.0
2015-06-01,8.886666666666667,59.07333333333334,0.0,30,30,True,30,0,0,2015,6,0.0
2015-07-01,8.219354838709679,59.538709677419355,1.8,31,31,True,31,0,0,2015,7,0.0
2015-08-01,8.887096774193548,60.50322580645161,4.0,31,31,True,31,0,0,2015,8,0.0
2015-09-01,10.136666666666667,62.333333333333336,54.5,30,29,True,30,0,0,2015,9,0.0
2015-10-01,11.107142857142858,62.864,41.5,25,31,True,31,3,3,2015,10,0.0967741935483871
2015-11-01,12.479999999999999,63.068000000000005,23.2,25,29,True,30,5,0,2015,11,0.16666666666666666
2015-12-01,12.370000000000001,,59.4,22,29,True,31,8,1,2015,12,0.25806451612903225
2016-01-01,12.687096774193549,70.028,79.7,25,30,True,31,6,0,2016,1,0.1935483870967742
2016-02-01,11.682142857142859,79.5125,202.6,24,28,True,29,4,1,2016,2,0.13793103448275862
2016-03-01,12.948387096774193,70.89,9.799999999999999,30,30,True,31,1,0,2016,3,0.03225806451612903
2016-04-01,10.936666666666667,68.17857142857143,57.5,28,29,True,30,2,0,2016,4,0.06666666666666667
2016-05-01,10.13225806451613,52.79677419354839,0.5,31,30,True,31,0,0,2016,5,0.0
2016-06-01,8.729999999999999,51.736666666666665,2.0,30,30,True,30,0,0,2016,6,0.0
2016-07-01,8.461290322580645,56.41290322580645,3.4,31,31,True,31,0,0,2016,7,0.0
2016-08-01,9.406451612903227,55.76129032258064,0.0,31,29,True,31,0,0,2016,8,0.0
2016-09-01,10.633333333333333,60.186206896551724,0.30000000000000004,29,25,True,30,1,0,2016,9,0.03333333333333333
2016-10-01,11.093333333333334,62.332,76.0,25,29,True,31,5,1,2016,10,0.16129032258064516
2016-11-01,12.086666666666668,58.84166666666667,43.0,24,30,True,30,6,0,2016,11,0.2
2016-12-01,12.519354838709676,56.276923076923076,49.7,26,27,True,31,5,0,2016,12,0.16129032258064516
2017-01-01,10.957142857142857,69.82592592592593,314.3,27,30,True,31,1,3,2017,1,0.03225806451612903
2017-02-01,11.924999999999999,66.94642857142857,119.2,28,24,True,28,0,0,2017,2,0.0
2017-03-01,10.37741935483871,75.24,145.7,30,26,True,31,1,0,2017,3,0.03225806451612903
2017-04-01,10.13103448275862,69.28275862068966,45.5,29,29,True,30,0,1,2017,4,0.0
2017-05-01,9.761290322580646,60.03225806451613,21.7,31,30,True,31,0,0,2017,5,0.0
2017-06-01,8.66,51.97241379310345,1.0,29,30,True,30,1,0,2017,6,0.03333333333333333
2017-07-01,8.12,52.68,1.6,30,31,True,31,0,1,2017,7,0.0
2017-08-01,9.67,51.443333333333335,0.0,30,31,True,31,0,1,2017,8,0.0
2017-09-01,10.263333333333332,62.736666666666665,62.3,30,30,True,30,0,0,2017,9,0.0
2017-10-01,11.338709677419354,56.586666666666666,65.2,30,30,True,31,1,0,2017,10,0.03225806451612903
2017-11-01,12.770000000000001,51.970370370370375,23.9,27,26,True,30,3,0,2017,11,0.1
2017-12-01,12.32,,68.5,24,30,True,31,6,1,2017,12,0.1935483870967742
2018-01-01,10.916129032258064,68.988,171.1,25,30,True,31,6,0,2018,1,0.1935483870967742
2018-02-01,10.832142857142857,72.096,152.1,25,26,True,28,3,0,2018,2,0.10714285714285714
2018-03-01,10.703225806451613,71.36666666666667,114.1,27,30,True,31,4,0,2018,3,0.12903225806451613
2018-04-01,10.3,60.09655172413793,33.199999999999996,29,29,True,30,1,0,2018,4,0.03333333333333333
2018-05-01,9.087096774193547,53.76451612903226,7.8,31,30,True,31,0,0,2018,5,0.0
2018-06-01,8.155172413793103,59.06071428571429,12.9,28,30,True,30,1,1,2018,6,0.03333333333333333
2018-07-01,8.703333333333335,61.69666666666667,32.1,30,31,True,31,0,1,2018,7,0.0
2018-08-01,8.712903225806452,59.24516129032258,0.0,31,28,True,31,0,0,2018,8,0.0
2018-09-01,10.326666666666666,53.68,3.6,30,30,True,30,0,0,2018,9,0.0
2018-10-01,11.63225806451613,59.64074074074074,45.5,27,31,True,31,4,0,2018,10,0.12903225806451613
2018-11-01,13.556666666666667,54.364,22.7,25,28,True,30,5,0,2018,11,0.16666666666666666
2018-12-01,12.626666666666667,57.42,89.8,25,30,True,31,5,1,2018,12,0.16129032258064516
2019-01-01,11.806666666666667,67.70357142857144,148.2,28,30,True,31,2,1,2019,1,0.06451612903225806
2019-02-01,11.44074074074074,71.80416666666666,78.7,24,25,True,28,3,1,2019,2,0.10714285714285714
2019-03-01,11.682758620689656,68.68148148148148,43.7,27,30,True,31,2,2,2019,3,0.06451612903225806
2019-04-01,11.066666666666666,66.47586206896551,58.599999999999994,29,30,True,30,1,0,2019,4,0.03333333333333333
2019-05-01,9.819354838709677,59.193333333333335,19.0,30,31,True,31,1,0,2019,5,0.03225806451612903
2019-06-01,8.616666666666667,53.94827586206897,2.2,29,30,True,30,1,0,2019,6,0.03333333333333333
2019-07-01,8.212903225806452,53.89354838709678,7.6,31,30,True,31,0,0,2019,7,0.0
2019-08-01,9.341935483870968,49.92580645161291,0.0,31,31,True,31,0,0,2019,8,0.0
2019-09-01,11.246666666666666,58.01428571428572,12.6,28,29,True,30,2,0,2019,9,0.06666666666666667
2019-10-01,11.845161290322581,59.88928571428572,39.900000000000006,28,31,True,31,3,0,2019,10,0.0967741935483871
2019-11-01,11.648275862068965,,92.5,21,29,True,30,8,1,2019,11,0.26666666666666666
2019-12-01,12.30967741935484,,81.5,20,30,True,31,11,0,2019,12,0.3548387096774194
2020-01-01,11.912903225806453,,122.0,24,31,True,31,7,0,2020,1,0.22580645161290322
2020-02-01,11.808620689655172,,170.3,23,29,True,29,6,0,2020,2,0.20689655172413793
2020-03-01,,,,16,16,False,31,1,14,2020,3,0.03225806451612903
2020-04-01,,,,0,0,False,30,0,30,2020,4,0.0
2020-05-01,,,,0,0,False,31,0,31,2020,5,0.0
2020-06-01,,,,0,0,False,30,0,30,2020,6,0.0
2020-07-01,,,,0,0,False,31,0,31,2020,7,0.0
2020-08-01,,,,0,0,False,31,0,31,2020,8,0.0
2020-09-01,,,,0,0,False,30,0,30,2020,9,0.0
2020-10-01,,,,0,0,False,31,0,31,2020,10,0.0
2020-11-01,,,,0,0,False,30,0,30,2020,11,0.0
2020-12-01,12.2,,114.3,24,31,True,31,7,0,2020,12,0.22580645161290322
2021-01-01,10.932258064516128,70.17037037037036,148.3,27,30,True,31,4,0,2021,1,0.12903225806451613
2021-02-01,,,,0,0,False,28,0,28,2021,2,0.0
2021-03-01,10.529032258064515,73.46551724137932,139.7,29,31,True,31,2,0,2021,3,0.06451612903225806
2021-04-01,10.370000000000001,63.38965517241379,39.199999999999996,29,30,True,30,1,0,2021,4,0.03333333333333333
2021-05-01,9.619354838709677,54.88387096774194,23.0,31,31,True,31,0,0,2021,5,0.0
2021-06-01,9.010344827586207,49.279310344827586,0.0,29,30,True,30,0,1,2021,6,0.0
2021-07-01,9.058064516129033,51.42258064516129,0.1,31,31,True,31,0,0,2021,7,0.0
2021-08-01,9.509677419354839,54.593548387096774,5.1,31,31,True,31,0,0,2021,8,0.0
2021-09-01,11.003333333333334,60.6448275862069,29.5,29,30,True,30,1,0,2021,9,0.03333333333333333
2021-10-01,12.667741935483871,55.276666666666664,36.1,30,31,True,31,1,0,2021,10,0.03225806451612903
2021-11-01,12.963333333333333,59.19642857142857,21.2,28,30,True,30,2,0,2021,11,0.06666666666666667
2021-12-01,11.353333333333333,,129.2,23,31,True,31,7,1,2021,12,0.22580645161290322
2022-01-01,11.280645161290321,70.30384615384615,211.0,26,31,True,31,5,0,2022,1,0.16129032258064516
2022-02-01,10.917857142857143,69.84,95.10000000000001,25,28,True,28,3,0,2022,2,0.10714285714285714
2022-03-01,10.98709677419355,68.78333333333333,117.8,30,30,True,31,1,0,2022,3,0.03225806451612903
2022-04-01,,,,0,0,False,30,0,30,2022,4,0.0
2022-05-01,,,,0,0,False,31,0,31,2022,5,0.0
2022-06-01,,,,0,0,False,30,0,30,2022,6,0.0
2022-07-01,,,,23,24,False,31,1,7,2022,7,0.03225806451612903
2022-08-01,9.758064516129032,62.96774193548387,6.4,31,31,True,31,0,0,2022,8,0.0
2022-09-01,11.103333333333333,64.56333333333333,0.0,30,29,True,30,0,0,2022,9,0.0
2022-10-01,,,,0,0,False,31,0,31,2022,10,0.0
2022-11-01,,,,0,0,False,30,0,30,2022,11,0.0
2022-12-01,,,,0,0,False,31,0,31,2022,12,0.0
2023-01-01,,,,0,0,False,31,0,31,2023,1,0.0
2023-02-01,,,,0,0,False,28,0,28,2023,2,0.0
2023-03-01,,,,0,0,False,31,0,31,2023,3,0.0
2023-04-01,,,,0,0,False,30,0,30,2023,4,0.0
2023-05-01,,,,0,0,False,31,0,31,2023,5,0.0
2023-06-01,,,,0,0,False,30,0,30,2023,6,0.0
2023-07-01,,,,0,0,False,31,0,31,2023,7,0.0
2023-08-01,10.226666666666667,47.282758620689656,5.1000000000000005,29,31,True,31,1,1,2023,8,0.03225806451612903
2023-09-01,12.646666666666667,51.11,0.0,30,30,True,30,0,0,2023,9,0.0
2023-10-01,14.081666666666667,,33.8,22,31,True,31,8,1,2023,10,0.25806451612903225
2023-11-01,13.975,,85.2,14,30,True,30,14,2,2023,11,0.4666666666666667
2023-12-01,13.432258064516128,,96.0,20,31,True,31,11,0,2023,12,0.3548387096774194
2024-01-01,,,,0,0,False,31,0,31,2024,1,0.0
2024-02-01,,,,0,0,False,29,0,29,2024,2,0.0
2024-03-01,12.126666666666667,78.92962962962963,110.0,27,31,True,31,3,1,2024,3,0.0967741935483871
2024-04-01,12.665,76.34074074074073,34.0,27,30,True,30,3,0,2024,4,0.1
2024-05-01,11.556666666666667,63.46551724137931,11.2,29,31,True,31,1,1,2024,5,0.03225806451612903
2024-06-01,9.45,56.690000000000005,0.0,30,30,True,30,0,0,2024,6,0.0
2024-07-01,9.419354838709678,54.91290322580645,0.0,31,31,True,31,0,0,2024,7,0.0
2024-08-01,10.922580645161291,61.619354838709675,0.0,31,31,True,31,0,0,2024,8,0.0
2024-09-01,12.854999999999999,69.93333333333334,20.0,27,30,True,30,3,0,2024,9,0.1
2024-10-01,13.188709677419356,59.784,20.9,25,31,True,31,6,0,2024,10,0.1935483870967742
2024-11-01,13.65,,91.5,23,30,True,30,7,0,2024,11,0.23333333333333334
2024-12-01,13.890322580645162,,36.1,20,31,True,31,11,0,2024,12,0.3548387096774194
