ym,tmean,tmax,tmin,rh,precip,n_tmean,n_rh,n_precip,days_expected,days_missing,longest_gap,n_calibrated,wmo_valid,dtr,year,month
2003-01-01,11.871869939512312,16.35483870967742,6.354838709677419,,174.5,31,23,30,31,0,0,8,True,10.0,2003,1
2003-02-01,11.67864006406372,16.342857142857145,6.421428571428572,70.51666666666667,114.39999999999999,28,24,28,28,0,0,4,True,9.921428571428574,2003,2
2003-03-01,10.854727923268864,15.44516129032258,5.858064516129032,73.1923076923077,114.4,31,26,30,31,0,0,5,True,9.587096774193549,2003,3
2003-04-01,10.566666666666666,15.786666666666667,3.533333333333333,62.89666666666667,46.1,30,30,28,30,0,0,0,True,12.253333333333334,2003,4
2003-05-01,8.955644968149203,14.606451612903227,1.5290322580645161,58.223333333333336,36.7,31,30,29,31,0,0,1,True,13.07741935483871,2003,5
2003-06-01,6.59,13.946666666666665,-1.3333333333333333,57.6,4.8,30,30,30,30,0,0,0,True,15.28,2003,6
2003-07-01,7.216129032258065,14.516129032258064,-1.070967741935484,58.3,0.2,31,31,28,31,0,0,0,True,15.587096774193547,2003,7
2003-08-01,8.23346597768219,14.95483870967742,-0.1290322580645161,58.38,9.6,31,30,29,31,0,0,1,True,15.083870967741936,2003,8
2003-09-01,9.758764391465622,15.2,1.12,55.99310344827586,42.900000000000006,30,29,26,30,0,0,1,True,14.079999999999998,2003,9
2003-10-01,11.701788245783229,16.729032258064517,3.361290322580645,53.56551724137931,25.4,31,29,26,31,0,0,2,True,13.367741935483872,2003,10
2003-11-01,12.742476513524142,18.133333333333333,4.373333333333333,52.20769230769231,8.6,30,26,27,30,0,0,4,True,13.76,2003,11
2003-12-01,12.583034749911912,17.87741935483871,5.741935483870968,,131.8,31,23,29,31,0,0,8,True,12.135483870967743,2003,12
2004-01-01,10.705691463160111,14.896774193548387,6.367741935483871,77.9962962962963,208.9,31,27,30,31,0,0,4,True,8.529032258064515,2004,1
2004-02-01,11.471832876859315,15.682758620689656,6.124137931034483,71.48846153846154,125.2,29,26,26,29,0,0,3,True,9.558620689655173,2004,2
2004-03-01,11.946501000118387,16.52258064516129,5.883870967741935,66.07000000000001,115.5,31,30,27,31,0,0,1,True,10.638709677419357,2004,3
2004-04-01,10.915923527829687,16.006666666666668,4.113333333333333,65.45555555555555,29.2,30,27,25,30,0,0,3,True,11.893333333333334,2004,4
2004-05-01,8.903225806451612,15.64516129032258,0.0,51.225806451612904,6.2,31,31,31,31,0,0,0,True,15.64516129032258,2004,5
2004-06-01,7.131754013356173,13.860000000000001,-1.18,52.83793103448276,0.0,30,29,27,30,0,0,1,True,15.040000000000001,2004,6
2004-07-01,7.274651298262789,13.890322580645162,-0.6064516129032258,55.317241379310346,10.2,31,29,30,31,0,0,2,True,14.496774193548386,2004,7
2004-08-01,8.458620689655174,14.04,0.76,62.88965517241379,43.0,29,29,27,31,2,1,0,True,13.28,2004,8
2004-09-01,10.528378330791933,15.686666666666667,2.3733333333333335,58.11785714285714,34.3,30,28,27,30,0,0,2,True,13.313333333333334,2004,9
2004-10-01,11.977362487092817,17.53548387096774,3.864516129032258,51.36896551724138,5.6000000000000005,31,29,27,31,0,0,2,True,13.670967741935485,2004,10
2004-11-01,,,,,,0,0,0,30,30,30,0,False,,2004,11
2004-12-01,12.86803534237231,17.75172413793103,6.329032258064516,,59.1,29,24,28,31,2,2,5,True,11.422691879866516,2004,12
2005-01-01,12.081070356680097,16.56551724137931,6.387096774193548,,103.3,29,24,26,31,2,1,5,True,10.178420467185763,2005,1
2005-02-01,10.966251236345173,15.5,5.857142857142857,71.65416666666667,157.9,28,24,28,28,0,0,4,True,9.642857142857142,2005,2
2005-03-01,11.735286983933888,16.413793103448278,5.664516129032258,65.692,134.6,29,25,31,31,2,1,4,True,10.74927697441602,2005,3
2005-04-01,11.070444582833701,16.47586206896552,4.166666666666667,62.614285714285714,45.7,29,28,29,30,1,1,1,True,12.309195402298851,2005,4
2005-05-01,9.226666666666667,15.906666666666666,0.767741935483871,52.88333333333333,0.4,30,30,31,31,1,1,0,True,15.138924731182795,2005,5
2005-06-01,6.59,14.78,-1.9733333333333334,52.57666666666667,0.0,30,30,30,30,0,0,0,True,16.753333333333334,2005,6
2005-07-01,7.953333333333333,15.686666666666667,-0.5419354838709678,47.873333333333335,0.0,30,30,31,31,1,1,0,True,16.228602150537636,2005,7
2005-08-01,8.517241379310345,15.986206896551725,-0.6709677419354839,46.679310344827584,0.0,29,29,30,31,2,1,0,True,16.65717463848721,2005,8
2005-09-01,10.195223536540245,16.813333333333333,2.2,48.88965517241379,11.8,30,29,29,30,0,0,1,True,14.613333333333333,2005,9
2005-10-01,11.641948725570547,17.0,3.8193548387096774,52.79600000000001,39.5,29,25,26,31,2,1,4,True,13.180645161290322,2005,10
2005-11-01,12.36911804842531,17.1,4.573333333333333,56.24814814814815,80.5,28,27,24,30,2,1,1,True,12.526666666666667,2005,11
2005-12-01,12.430694605384462,17.270967741935483,6.329032258064516,62.75185185185185,97.4,31,27,27,31,0,0,4,True,10.941935483870967,2005,12
2006-01-01,10.472784349367888,15.058064516129033,5.64,75.49600000000001,291.1,30,25,30,31,1,1,5,True,9.418064516129032,2006,1
2006-02-01,11.598724772945571,16.3,5.95,70.5037037037037,62.3,28,27,24,28,0,0,1,True,10.350000000000001,2006,2
2006-03-01,11.16269435445069,16.133333333333333,6.174193548387097,73.56896551724138,159.6,30,29,28,31,1,1,1,True,9.959139784946235,2006,3
2006-04-01,10.430580215545222,15.4,4.28,66.51379310344828,44.6,30,29,29,30,0,0,1,True,11.120000000000001,2006,4
2006-05-01,8.16,15.020000000000001,-0.3225806451612903,56.65333333333333,0.9,30,30,31,31,1,1,0,True,15.342580645161291,2006,5
2006-06-01,7.603448275862069,14.448275862068966,-0.4933333333333333,56.52413793103448,0.0,29,29,29,30,1,1,0,True,14.9416091954023,2006,6
2006-07-01,6.73,14.546666666666665,-1.941935483870968,51.37,0.0,30,30,31,31,1,1,0,True,16.488602150537634,2006,7
2006-08-01,8.936666666666667,15.506666666666666,0.9548387096774194,55.86666666666667,,30,30,24,31,1,1,0,True,14.551827956989246,2006,8
2006-09-01,10.339551367214915,16.733333333333334,1.66,52.04,21.2,27,25,26,30,3,1,2,True,15.073333333333334,2006,9
2006-10-01,11.943020447656973,17.503225806451614,4.032258064516129,54.303703703703704,37.4,31,27,28,31,0,0,4,True,13.470967741935485,2006,10
2006-11-01,12.487570687761805,17.551724137931036,5.653333333333333,,53.800000000000004,29,22,28,30,1,1,7,True,11.898390804597703,2006,11
2006-12-01,12.466655059930334,17.574193548387097,5.793548387096774,64.88,101.5,31,25,29,31,0,0,6,True,11.780645161290323,2006,12
2007-01-01,12.238877596325024,17.251612903225805,6.206451612903226,,84.8,31,23,27,31,0,0,8,True,11.045161290322579,2007,1
2007-02-01,11.852476436960364,16.657142857142855,6.1499999999999995,69.36,171.0,28,25,27,28,0,0,3,True,10.507142857142856,2007,2
2007-03-01,10.609002184948324,15.21290322580645,5.625806451612903,75.08928571428571,236.70000000000002,31,28,30,31,0,0,3,True,9.587096774193547,2007,3
2007-04-01,10.663453109077556,15.786666666666667,4.553333333333333,70.17241379310344,49.699999999999996,30,29,30,30,0,0,1,True,11.233333333333334,2007,4
2007-05-01,9.979999999999999,15.973333333333333,2.109677419354839,57.78,10.6,30,30,28,31,1,1,0,True,13.863655913978494,2007,5
2007-06-01,8.848148148148148,15.555555555555555,0.4266666666666667,56.06296296296296,0.0,27,27,29,30,3,1,0,True,15.12888888888889,2007,6
2007-07-01,7.924137931034483,14.427586206896551,-0.40645161290322585,52.38965517241379,3.3,29,29,30,31,2,1,0,True,14.834037819799777,2007,7
2007-08-01,9.74,16.433333333333334,0.667741935483871,50.083333333333336,1.6,30,30,30,31,1,1,0,True,15.765591397849462,2007,8
2007-09-01,10.212901876042732,15.44,3.1599999999999997,64.48965517241379,61.300000000000004,30,29,29,30,0,0,1,True,12.28,2007,9
2007-10-01,12.001340597490286,17.464285714285715,3.664516129032258,58.78076923076923,77.0,28,26,29,31,3,1,2,True,13.799769585253458,2007,10
2007-11-01,11.881333545409555,17.214814814814815,3.4866666666666664,62.62692307692308,44.2,27,26,28,30,3,1,1,True,13.728148148148149,2007,11
2007-12-01,12.14285837593715,17.29655172413793,5.141935483870968,66.50357142857142,74.1,29,28,29,31,2,1,1,True,12.154616240266963,2007,12
2008-01-01,10.882268476012234,15.648275862068965,6.141935483870968,75.11851851851851,209.70000000000002,29,27,30,31,2,1,2,True,9.506340378197997,2008,1
2008-02-01,11.404543763801593,15.964285714285714,5.337931034482759,69.4076923076923,85.8,28,26,28,29,1,1,2,True,10.626354679802954,2008,2
2008-03-01,11.027588533520047,15.520000000000001,5.0600000000000005,,95.39999999999999,29,24,29,31,2,1,5,True,10.46,2008,3
2008-04-01,10.697454403803931,16.279999999999998,2.4133333333333336,59.300000000000004,8.4,30,29,30,30,0,0,1,True,13.866666666666664,2008,4
2008-05-01,8.796666666666665,15.526666666666667,-0.4645161290322581,49.983333333333334,6.8,30,30,30,31,1,1,0,True,15.991182795698926,2008,5
2008-06-01,8.715385661515374,15.666666666666666,-0.8133333333333332,43.55862068965517,1.4,30,29,30,30,0,0,1,True,16.48,2008,6
2008-07-01,7.367741935483871,15.116129032258065,-1.5032258064516129,47.70322580645161,0.2,31,31,30,31,0,0,0,True,16.61935483870968,2008,7
2008-08-01,8.925806451612903,16.2,-0.4774193548387097,47.516129032258064,0.8,31,31,31,31,0,0,0,True,16.677419354838708,2008,8
2008-09-01,10.510344827586207,17.227586206896554,0.7666666666666667,47.16206896551724,2.4,29,29,28,30,1,1,0,True,16.460919540229888,2008,9
2008-10-01,11.982739751067603,17.273333333333333,3.903225806451613,53.97931034482759,79.4,30,29,30,31,1,1,1,True,13.370107526881721,2008,10
2008-11-01,13.203871199647647,18.253333333333334,5.14,52.885714285714286,27.2,30,28,26,30,0,0,2,True,13.113333333333333,2008,11
2008-12-01,11.579255034259958,16.66896551724138,5.316129032258065,,144.2,29,21,31,31,2,1,8,True,11.352836484983314,2008,12
2009-01-01,11.83230634976355,16.36774193548387,5.483870967741935,,154.0,31,21,29,31,0,0,10,True,10.883870967741935,2009,1
2009-02-01,11.349192723387697,16.0,6.185714285714285,,136.1,28,22,28,28,0,0,6,True,9.814285714285715,2009,2
2009-03-01,11.483110817998819,15.95483870967742,5.025806451612904,63.5037037037037,148.3,31,27,29,31,0,0,4,True,10.929032258064517,2009,3
2009-04-01,10.992097724798954,15.28,3.566666666666667,60.54137931034483,83.0,30,29,29,30,0,0,1,True,11.713333333333333,2009,4
2009-05-01,9.68198487108613,16.04516129032258,0.8451612903225806,50.53333333333333,0.4,31,30,30,31,0,0,1,True,15.199999999999998,2009,5
2009-06-01,7.6,15.106666666666666,-2.12,44.25,0.0,30,30,30,30,0,0,0,True,17.226666666666667,2009,6
2009-07-01,8.832258064516129,15.535483870967743,-0.5419354838709678,44.516129032258064,2.5,31,31,30,31,0,0,0,True,16.07741935483871,2009,7
2009-08-01,9.1,16.386666666666667,-1.070967741935484,40.486666666666665,0.0,30,30,31,31,1,1,0,True,17.45763440860215,2009,8
2009-09-01,11.479990664198487,17.724137931034484,2.253333333333333,46.45384615384615,16.4,29,26,30,30,1,1,3,True,15.47080459770115,2009,9
2009-10-01,12.76399097539187,18.48,3.806451612903226,51.75185185185185,56.4,30,27,31,31,1,1,3,True,14.673548387096774,2009,10
2009-11-01,12.937579732244254,18.07586206896552,6.286666666666666,,88.89999999999999,29,17,27,30,1,1,12,True,11.789195402298855,2009,11
2009-12-01,13.084609315605503,17.90666666666667,6.129032258064516,,62.5,30,22,30,31,1,1,8,True,11.777634408602154,2009,12
2010-01-01,12.415534624901863,16.929032258064513,6.851612903225806,,99.3,31,24,28,31,0,0,7,True,10.077419354838707,2010,1
2010-02-01,12.306283265475791,17.12857142857143,6.623076923076923,,192.8,26,16,28,28,2,1,10,True,10.505494505494507,2010,2
2010-03-01,12.720442751578913,17.154838709677417,6.800000000000001,64.25384615384615,56.300000000000004,31,26,26,31,0,0,5,True,10.354838709677416,2010,3
2010-04-01,12.17669869656307,17.4,4.7,59.13928571428572,12.3,30,28,25,30,0,0,2,True,12.7,2010,4
2010-05-01,10.707545197037755,16.18,1.6258064516129032,56.282758620689656,16.1,30,29,30,31,1,1,1,True,14.554193548387097,2010,5
2010-06-01,9.93,16.273333333333333,1.38,52.35333333333333,0.0,30,30,30,30,0,0,0,True,14.893333333333334,2010,6
2010-07-01,8.716129032258063,16.948387096774194,-1.1935483870967742,45.306451612903224,0.0,31,31,30,31,0,0,0,True,18.14193548387097,2010,7
2010-08-01,9.901367952682484,17.40666666666667,0.8,46.521428571428565,7.1,30,28,31,31,1,1,2,True,16.60666666666667,2010,8
2010-09-01,11.623333333333333,18.6,2.066666666666667,49.406666666666666,2.9,30,30,30,30,0,0,0,True,16.533333333333335,2010,9
2010-10-01,12.312951053526499,18.74074074074074,3.883870967741936,,33.4,27,22,26,31,4,1,5,True,14.856869772998804,2010,10
2010-11-01,13.40049985847108,19.521428571428572,3.9733333333333336,45.76923076923077,15.0,28,26,30,30,2,1,2,True,15.54809523809524,2010,11
2010-12-01,12.13864764069753,17.433333333333334,5.913333333333333,,146.7,29,23,29,31,2,1,6,True,11.52,2010,12
2011-01-01,12.152092435887166,17.083870967741937,6.058064516129033,68.925,122.7,31,28,28,31,0,0,3,True,11.025806451612905,2011,1
2011-02-01,10.669100461882618,15.049999999999999,6.3428571428571425,78.91923076923078,202.9,28,26,26,28,0,0,2,True,8.707142857142856,2011,2
2011-03-01,10.773333333333333,14.913333333333332,6.051612903225807,78.31,116.5,30,30,28,31,1,1,0,True,8.861720430107525,2011,3
2011-04-01,11.158620689655173,15.50344827586207,4.1866666666666665,68.52413793103449,46.8,29,29,29,30,1,1,0,True,11.316781609195402,2011,4
2011-05-01,10.00799215004617,15.174193548387096,1.4709677419354839,61.72666666666667,4.800000000000001,31,30,31,31,0,0,1,True,13.703225806451613,2011,5
2011-06-01,8.536666666666667,15.18,-0.2933333333333333,55.75,0.0,30,30,30,30,0,0,0,True,15.473333333333333,2011,6
2011-07-01,8.154838709677419,14.64516129032258,-0.04516129032258065,55.58387096774193,6.3999999999999995,31,31,29,31,0,0,0,True,14.69032258064516,2011,7
2011-08-01,10.19,16.453333333333333,1.1612903225806452,53.49,0.2,30,30,30,31,1,1,0,True,15.292043010752687,2011,8
2011-09-01,10.619895840045665,16.226666666666667,2.7933333333333334,57.353571428571435,45.800000000000004,30,28,28,30,0,0,2,True,13.433333333333334,2011,9
2011-10-01,12.053724690462404,17.826666666666664,3.425806451612903,51.288000000000004,25.7,30,25,30,31,1,1,5,True,14.400860215053761,2011,10
2011-11-01,13.398166479700892,18.862068965517242,4.86,,48.5,29,19,30,30,1,1,10,True,14.002068965517243,2011,11
2011-12-01,11.834232775949692,16.32,5.567741935483871,,151.3,30,20,29,31,1,1,10,True,10.75225806451613,2011,12
2012-01-01,11.425375976763442,15.76774193548387,5.541935483870968,68.48571428571428,135.4,31,28,29,31,0,0,3,True,10.225806451612904,2012,1
2012-02-01,10.24408880380009,14.613793103448277,5.475862068965518,76.656,294.8,29,25,27,29,0,0,4,True,9.137931034482758,2012,2
2012-03-01,10.736089302092388,15.025806451612903,5.193548387096774,71.24333333333334,209.9,31,30,29,31,0,0,1,True,9.832258064516129,2012,3
2012-04-01,10.698453789150262,15.093333333333334,4.742857142857143,68.78148148148148,60.1,28,27,28,30,2,1,1,True,10.35047619047619,2012,4
2012-05-01,8.961290322580645,15.141935483870967,1.0838709677419356,56.13225806451613,0.0,31,31,31,31,0,0,0,True,14.058064516129031,2012,5
2012-06-01,8.163333333333334,14.9,-0.14,51.07333333333334,0.2,30,30,30,30,0,0,0,True,15.040000000000001,2012,6
2012-07-01,8.106451612903227,15.219354838709679,-0.45806451612903226,50.193548387096776,0.0,31,31,29,31,0,0,0,True,15.677419354838712,2012,7
2012-08-01,9.213333333333333,15.866666666666667,-0.032258064516129024,47.99,5.6,30,30,30,31,1,1,0,True,15.898924731182797,2012,8
2012-09-01,10.993857559103283,15.741379310344827,2.8466666666666662,52.62692307692308,9.8,29,26,29,30,1,1,3,True,12.894712643678162,2012,9
2012-10-01,12.788395500862672,17.490322580645163,5.051612903225807,54.06206896551724,7.6000000000000005,31,29,28,31,0,0,2,True,12.438709677419357,2012,10
2012-11-01,,,,60.349999999999994,69.5,0,26,28,30,30,30,0,False,,2012,11
2012-12-01,11.304475740060056,14.896774193548387,6.529032258064516,,155.9,31,20,28,31,0,0,11,True,8.36774193548387,2012,12
2013-01-01,11.089831519465365,16.216129032258063,5.572413793103448,,153.0,29,22,29,31,2,1,7,True,10.643715239154616,2013,1
2013-02-01,10.945920921584099,14.957142857142857,6.7821428571428575,80.75,175.8,28,26,28,28,0,0,2,True,8.175,2013,2
2013-03-01,11.380671008779046,15.903225806451612,5.680000000000001,72.40344827586206,100.0,30,29,31,31,1,1,1,True,10.223225806451612,2013,3
2013-04-01,10.576354985120288,15.606666666666666,3.1,59.582142857142856,14.3,30,28,30,30,0,0,2,True,12.506666666666666,2013,4
2013-05-01,9.780559955736074,15.326666666666666,3.032258064516129,61.776,22.4,30,25,29,31,1,1,5,True,12.294408602150536,2013,5
2013-06-01,7.803571428571429,14.213793103448275,0.9103448275862068,58.74285714285714,12.5,28,28,29,30,2,1,0,True,13.303448275862069,2013,6
2013-07-01,7.944827586206896,13.826666666666666,1.1533333333333333,59.48275862068966,1.5,29,29,29,31,2,1,0,True,12.673333333333332,2013,7
2013-08-01,8.437626890152101,14.625806451612902,0.9032258064516129,55.54,4.5,31,30,29,31,0,0,1,True,13.72258064516129,2013,8
2013-09-01,10.300239551488447,16.806666666666665,2.36,51.103571428571435,11.6,30,28,30,30,0,0,2,True,14.446666666666665,2013,9
2013-10-01,11.648258249227679,16.93548387096774,4.470967741935484,61.013333333333335,32.9,31,30,30,31,0,0,1,True,12.464516129032257,2013,10
2013-11-01,12.323847513592632,17.346666666666668,5.433333333333334,,61.400000000000006,30,23,30,30,0,0,7,True,11.913333333333334,2013,11
2013-12-01,11.36760310148461,15.980645161290322,6.387096774193548,68.95925925925927,117.1,31,27,28,31,0,0,4,True,9.593548387096774,2013,12
2014-01-01,11.051848043873333,15.426666666666668,6.36,70.62142857142858,145.0,29,28,30,31,2,1,1,True,9.066666666666666,2014,1
2014-02-01,11.533797878411212,15.9,6.34074074074074,72.23461538461538,107.7,27,26,26,28,1,1,1,True,9.55925925925926,2014,2
2014-03-01,11.2,16.335483870967742,5.800000000000001,75.36451612903227,60.5,31,31,31,31,0,0,0,True,10.535483870967742,2014,3
2014-04-01,10.721890203206913,15.873333333333333,5.033333333333333,69.87241379310345,40.9,30,29,29,30,0,0,1,True,10.84,2014,4
2014-05-01,9.778303951664622,16.16774193548387,2.18,57.741379310344826,0.1,30,29,31,31,1,1,1,True,13.987741935483871,2014,5
2014-06-01,9.568051033455667,16.62,1.4066666666666667,54.61379310344827,0.0,30,29,30,30,0,0,1,True,15.213333333333335,2014,6
2014-07-01,8.864516129032259,15.35483870967742,0.7483870967741936,53.193548387096776,0.2,31,31,30,31,0,0,0,True,14.606451612903227,2014,7
2014-08-01,9.171889912417805,14.96774193548387,1.864516129032258,59.61034482758621,28.9,31,29,28,31,0,0,2,True,13.103225806451611,2014,8
2014-09-01,9.848751024745109,15.013333333333332,3.7866666666666666,66.47407407407407,66.9,30,27,24,30,0,0,3,True,11.226666666666665,2014,9
2014-10-01,11.013471772253448,16.006666666666668,4.967741935483871,64.22,45.2,30,25,30,31,1,1,5,True,11.038924731182796,2014,10
2014-11-01,12.398335981561024,17.540000000000003,5.48,60.53703703703704,29.8,30,27,28,30,0,0,3,True,12.060000000000002,2014,11
2014-12-01,12.53667805789406,17.406451612903226,6.453333333333333,,90.6,30,22,30,31,1,1,8,True,10.953118279569892,2014,12
2015-01-01,10.539144505306322,15.206451612903225,5.638709677419355,,96.4,31,24,30,31,0,0,7,True,9.56774193548387,2015,1
2015-02-01,11.124940304337768,15.728571428571428,6.442857142857143,73.028,121.0,28,25,28,28,0,0,3,True,9.285714285714285,2015,2
2015-03-01,10.847639882567057,15.30967741935484,5.967741935483871,73.56551724137931,187.0,31,29,28,31,0,0,2,True,9.34193548387097,2015,3
2015-04-01,9.924211863704421,14.6,5.333333333333333,78.03793103448275,114.1,30,29,27,30,0,0,1,True,9.266666666666666,2015,4
2015-05-01,9.75,15.44,2.7096774193548385,70.84666666666666,0.2,30,30,29,31,1,1,0,True,12.730322580645161,2015,5
2015-06-01,8.886666666666667,15.753333333333334,0.7066666666666667,59.07333333333334,0.0,30,30,30,30,0,0,0,True,15.046666666666667,2015,6
2015-07-01,8.219354838709679,15.103225806451613,-0.02580645161290322,59.538709677419355,1.8,31,31,31,31,0,0,0,True,15.129032258064516,2015,7
2015-08-01,8.887096774193548,15.55483870967742,1.2000000000000002,60.50322580645161,4.0,31,31,31,31,0,0,0,True,14.35483870967742,2015,8
2015-09-01,10.136666666666667,17.02,3.2933333333333334,62.333333333333336,54.5,30,30,29,30,0,0,0,True,13.726666666666667,2015,9
2015-10-01,11.17765014229086,17.26451612903226,4.0,62.864,41.5,28,25,31,31,3,2,3,True,13.264516129032259,2015,10
2015-11-01,12.578549597925077,18.32,5.913333333333333,63.068000000000005,23.2,30,25,29,30,0,0,5,True,12.406666666666666,2015,11
2015-12-01,12.53309180635177,17.933333333333334,5.858064516129032,,59.4,30,22,29,31,1,1,8,True,12.075268817204302,2015,12
2016-01-01,12.802471554874959,17.903225806451612,6.696774193548387,70.028,79.7,31,25,30,31,0,0,6,True,11.206451612903226,2016,1
2016-02-01,11.769919943381412,16.42758620689655,7.014285714285714,79.5125,202.6,28,24,28,29,1,1,4,True,9.413300492610835,2016,2
2016-03-01,12.964475145905574,17.787096774193547,6.67741935483871,70.89,9.799999999999999,31,30,30,31,0,0,1,True,11.109677419354837,2016,3
2016-04-01,10.985090394075511,16.2,4.866666666666666,68.17857142857143,57.5,30,28,29,30,0,0,2,True,11.333333333333332,2016,4
2016-05-01,10.13225806451613,16.883870967741935,2.103225806451613,52.79677419354839,0.5,31,31,30,31,0,0,0,True,14.780645161290321,2016,5
2016-06-01,8.729999999999999,15.893333333333334,0.5666666666666667,51.736666666666665,2.0,30,30,30,30,0,0,0,True,15.326666666666668,2016,6
2016-07-01,8.461290322580645,15.04516129032258,0.7483870967741936,56.41290322580645,3.4,31,31,31,31,0,0,0,True,14.296774193548387,2016,7
2016-08-01,9.406451612903227,16.18709677419355,1.096774193548387,55.76129032258064,0.0,31,31,29,31,0,0,0,True,15.09032258064516,2016,8
2016-09-01,10.657798115246711,16.98,2.933333333333333,60.186206896551724,0.30000000000000004,30,29,25,30,0,0,1,True,14.046666666666667,2016,9
2016-10-01,11.209334287676338,17.251612903225805,4.406666666666666,62.332,76.0,30,25,29,31,1,1,5,True,12.844946236559139,2016,10
2016-11-01,12.2086693736693,18.233333333333334,4.446666666666667,58.84166666666667,43.0,30,24,30,30,0,0,6,True,13.786666666666667,2016,11
2016-12-01,12.607627390192294,18.193548387096776,5.980645161290322,56.276923076923076,49.7,31,26,27,31,0,0,5,True,12.212903225806453,2016,12
2017-01-01,10.990129718361356,15.78,6.027586206896552,69.82592592592593,314.3,28,27,30,31,3,1,1,True,9.752413793103447,2017,1
2017-02-01,11.924999999999999,16.864285714285714,6.378571428571428,66.94642857142857,119.2,28,28,24,28,0,0,0,True,10.485714285714286,2017,2
2017-03-01,10.399381633339377,14.851612903225806,6.419354838709677,75.24,145.7,31,30,26,31,0,0,1,True,8.43225806451613,2017,3
2017-04-01,10.13103448275862,15.289655172413791,4.7733333333333325,69.28275862068966,45.5,29,29,29,30,1,1,0,True,10.516321839080458,2017,4
2017-05-01,9.761290322580646,15.567741935483872,3.4064516129032256,60.03225806451613,21.7,31,31,30,31,0,0,0,True,12.161290322580646,2017,5
2017-06-01,8.693316919226818,15.493333333333334,0.47333333333333333,51.97241379310345,1.0,30,29,30,30,0,0,1,True,15.020000000000001,2017,6
2017-07-01,8.12,15.113333333333333,0.12258064516129032,52.68,1.6,30,30,31,31,1,1,0,True,14.990752688172043,2017,7
2017-08-01,9.67,16.95483870967742,0.78,51.443333333333335,0.0,30,30,31,31,1,1,0,True,16.17483870967742,2017,8
2017-09-01,10.263333333333332,15.913333333333332,3.74,62.736666666666665,62.3,30,30,30,30,0,0,0,True,12.173333333333332,2017,9
2017-10-01,11.359937677248862,17.41290322580645,4.109677419354839,56.586666666666666,65.2,31,30,30,31,0,0,1,True,13.30322580645161,2017,10
2017-11-01,12.83251886275505,18.52,5.753333333333333,51.970370370370375,23.9,30,27,26,30,0,0,3,True,12.766666666666666,2017,11
2017-12-01,12.449337335062342,17.76774193548387,6.286666666666666,,68.5,30,24,30,31,1,1,6,True,11.481075268817204,2017,12
2018-01-01,11.046434145919749,15.98709677419355,5.787096774193548,68.988,171.1,31,25,30,31,0,0,6,True,10.200000000000001,2018,1
2018-02-01,10.904276045062717,15.299999999999999,6.242857142857143,72.096,152.1,28,25,26,28,0,0,3,True,9.057142857142857,2018,2
2018-03-01,10.795725352038302,15.116129032258065,6.038709677419354,71.36666666666667,114.1,31,27,30,31,0,0,4,True,9.07741935483871,2018,3
2018-04-01,10.324970618331289,15.68,4.286666666666666,60.09655172413793,33.199999999999996,30,29,29,30,0,0,1,True,11.393333333333334,2018,4
2018-05-01,9.087096774193547,15.516129032258064,1.6387096774193548,53.76451612903226,7.8,31,31,30,31,0,0,0,True,13.87741935483871,2018,5
2018-06-01,8.187283436565055,14.046666666666665,1.0413793103448277,59.06071428571429,12.9,29,28,30,30,1,1,1,True,13.005287356321837,2018,6
2018-07-01,8.703333333333335,14.793333333333333,1.1866666666666668,61.69666666666667,32.1,30,30,31,31,1,1,0,True,13.606666666666666,2018,7
2018-08-01,8.712903225806452,15.038709677419355,1.3741935483870968,59.24516129032258,0.0,31,31,28,31,0,0,0,True,13.664516129032258,2018,8
2018-09-01,10.326666666666666,16.753333333333334,2.42,53.68,3.6,30,30,30,30,0,0,0,True,14.333333333333334,2018,9
2018-10-01,11.72426809098871,16.6,5.503225806451613,59.64074074074074,45.5,31,27,31,31,0,0,4,True,11.096774193548388,2018,10
2018-11-01,13.639535335636507,19.086666666666666,6.5600000000000005,54.364,22.7,30,25,28,30,0,0,5,True,12.526666666666666,2018,11
2018-12-01,12.727239610263387,17.838709677419356,6.12,57.42,89.8,30,25,30,31,1,1,5,True,11.718709677419355,2018,12
2019-01-01,11.845985338553115,16.812903225806455,7.02,67.70357142857144,148.2,30,28,30,31,1,1,2,True,9.792903225806455,2019,1
2019-02-01,11.516107568677535,15.971428571428572,7.0,71.80416666666666,78.7,27,24,25,28,1,1,3,True,8.971428571428572,2019,2
2019-03-01,11.726049504113107,16.62666666666667,6.666666666666667,68.68148148148148,43.7,29,27,30,31,2,1,2,True,9.96,2019,3
2019-04-01,11.089866857535268,16.433333333333334,5.593333333333334,66.47586206896551,58.599999999999994,30,29,30,30,0,0,1,True,10.84,2019,4
2019-05-01,9.839848559868022,16.638709677419353,2.6193548387096777,59.193333333333335,19.0,31,30,31,31,0,0,1,True,14.019354838709676,2019,5
2019-06-01,8.644925221714375,15.646666666666667,0.7333333333333333,53.94827586206897,2.2,30,29,30,30,0,0,1,True,14.913333333333334,2019,6
2019-07-01,8.212903225806452,15.0,0.49677419354838703,53.89354838709678,7.6,31,31,30,31,0,0,0,True,14.503225806451614,2019,7
2019-08-01,9.341935483870968,16.148387096774194,1.2516129032258065,49.92580645161291,0.0,31,31,31,31,0,0,0,True,14.896774193548387,2019,8
2019-09-01,11.289779111687446,17.386666666666667,4.593333333333334,58.01428571428572,12.6,30,28,29,30,0,0,2,True,12.793333333333333,2019,9
2019-10-01,11.904684377341189,17.458064516129035,4.741935483870968,59.88928571428572,39.900000000000006,31,28,31,31,0,0,3,True,12.716129032258067,2019,10
2019-11-01,11.819084640024222,17.053333333333335,5.820689655172414,,92.5,29,21,29,30,1,1,8,True,11.23264367816092,2019,11
2019-12-01,12.526052248485655,17.651612903225807,6.838709677419355,,81.5,31,20,30,31,0,0,11,True,10.812903225806451,2019,12
2020-01-01,12.055869754800764,16.67096774193548,6.974193548387096,,122.0,31,24,31,31,0,0,7,True,9.696774193548386,2020,1
2020-02-01,11.947519903589972,16.275862068965516,7.217241379310345,,170.3,29,23,29,29,0,0,6,True,9.058620689655172,2020,2
2020-03-01,,,,,,17,16,16,31,14,14,1,False,,2020,3
2020-04-01,,,,,,0,0,0,30,30,30,0,False,,2020,4
2020-05-01,,,,,,0,0,0,31,31,31,0,False,,2020,5
2020-06-01,,,,,,0,0,0,30,30,30,0,False,,2020,6
2020-07-01,,,,,,0,0,0,31,31,31,0,False,,2020,7
2020-08-01,,,,,,0,0,0,31,31,31,0,False,,2020,8
2020-09-01,,,,,,0,0,0,30,30,30,0,False,,2020,9
2020-10-01,,,,,,0,0,0,31,31,31,0,False,,2020,10
2020-11-01,,,,,,0,0,0,30,30,30,0,False,,2020,11
2020-12-01,12.331218070255735,17.490322580645163,6.696774193548387,,114.3,31,24,31,31,0,0,7,True,10.793548387096777,2020,12
2021-01-01,11.030631839472106,15.916129032258064,5.670967741935484,70.17037037037036,148.3,31,27,30,31,0,0,4,True,10.245161290322581,2021,1
2021-02-01,,,,,,0,0,0,28,28,28,0,False,,2021,2
2021-03-01,10.576628208421656,15.116129032258065,5.858064516129032,73.46551724137932,139.7,31,29,31,31,0,0,2,True,9.258064516129034,2021,3
2021-04-01,10.396741045793977,15.639999999999999,4.096666666666667,63.38965517241379,39.199999999999996,30,29,30,30,0,0,1,True,11.543333333333333,2021,4
2021-05-01,9.619354838709677,15.432258064516128,2.096774193548387,54.88387096774194,23.0,31,31,31,31,0,0,0,True,13.335483870967742,2021,5
2021-06-01,9.010344827586207,15.72,0.5793103448275863,49.279310344827586,0.0,29,29,30,30,1,1,0,True,15.140689655172414,2021,6
2021-07-01,9.058064516129033,15.703225806451613,0.8064516129032258,51.42258064516129,0.1,31,31,31,31,0,0,0,True,14.896774193548387,2021,7
2021-08-01,9.509677419354839,16.593548387096774,1.4387096774193548,54.593548387096774,5.1,31,31,31,31,0,0,0,True,15.154838709677419,2021,8
2021-09-01,11.025268933157156,17.36,4.42,60.6448275862069,29.5,30,29,30,30,0,0,1,True,12.94,2021,9
2021-10-01,12.68701185885695,18.65806451612903,4.941935483870967,55.276666666666664,36.1,31,30,31,31,0,0,1,True,13.716129032258063,2021,10
2021-11-01,13.002399087010826,18.4,6.026666666666667,59.19642857142857,21.2,30,28,30,30,0,0,2,True,12.373333333333331,2021,11
2021-12-01,11.499294985831433,16.296774193548387,6.213333333333334,,129.2,30,23,31,31,1,1,7,True,10.083440860215052,2021,12
2022-01-01,11.385806122209642,15.851612903225806,5.967741935483871,70.30384615384615,211.0,31,26,31,31,0,0,5,True,9.883870967741935,2022,1
2022-02-01,10.99134524975355,15.62857142857143,6.0928571428571425,69.84,95.10000000000001,28,25,28,28,0,0,3,True,9.535714285714288,2022,2
2022-03-01,11.01003809092243,15.774193548387096,6.309677419354839,68.78333333333333,117.8,31,30,30,31,0,0,1,True,9.464516129032258,2022,3
2022-04-01,,,,,,0,0,0,30,30,30,0,False,,2022,4
2022-05-01,,,,,,0,0,0,31,31,31,0,False,,2022,5
2022-06-01,,,,,,0,0,0,30,30,30,0,False,,2022,6
2022-07-01,,,,,,24,23,24,31,7,7,1,False,,2022,7
2022-08-01,9.758064516129032,16.625806451612902,1.3741935483870968,62.96774193548387,6.4,31,31,31,31,0,0,0,True,15.251612903225805,2022,8
2022-09-01,11.103333333333333,18.06,2.2199999999999998,64.56333333333333,0.0,30,30,29,30,0,0,0,True,15.84,2022,9
2022-10-01,,,,,,0,0,0,31,31,31,0,False,,2022,10
2022-11-01,,,,,,0,0,0,30,30,30,0,False,,2022,11
2022-12-01,,,,,,0,0,0,31,31,31,0,False,,2022,12
2023-01-01,,,,,,0,0,0,31,31,31,0,False,,2023,1
2023-02-01,,,,,,0,0,0,28,28,28,0,False,,2023,2
2023-03-01,,,,,,0,0,0,31,31,31,0,False,,2023,3
2023-04-01,,,,,,0,0,0,30,30,30,0,False,,2023,4
2023-05-01,,,,,,0,0,0,31,31,31,0,False,,2023,5
2023-06-01,,,,,,0,0,0,30,30,30,0,False,,2023,6
2023-07-01,,,,,,0,0,0,31,31,31,0,False,,2023,7
2023-08-01,10.24860226649049,17.574193548387097,0.7533333333333334,47.282758620689656,5.1000000000000005,30,29,31,31,1,1,1,True,16.820860215053763,2023,8
2023-09-01,12.646666666666667,19.42,3.3733333333333335,51.11,0.0,30,30,30,30,0,0,0,True,16.046666666666667,2023,9
2023-10-01,14.212005564958707,20.951612903225808,5.9766666666666675,,33.8,30,22,31,31,1,1,8,True,14.974946236559141,2023,10
2023-11-01,14.213254425928701,20.74827586206897,6.521428571428571,,85.2,28,14,30,30,2,1,14,True,14.226847290640396,2023,11
2023-12-01,13.612653238760059,19.261290322580646,7.377419354838709,,96.0,31,20,31,31,0,0,11,True,11.883870967741936,2023,12
2024-01-01,,,,,,0,0,0,31,31,31,0,False,,2024,1
2024-02-01,,,,,,0,0,0,29,29,29,0,False,,2024,2
2024-03-01,12.190955956884405,17.1,7.38,78.92962962962963,110.0,30,27,31,31,1,1,3,True,9.720000000000002,2024,3
2024-04-01,12.723851548725197,18.490000000000002,6.2,76.34074074074073,34.0,30,27,30,30,0,0,3,True,12.290000000000003,2024,4
2024-05-01,11.577084757236756,18.43548387096774,3.68,63.46551724137931,11.2,30,29,31,31,1,1,1,True,14.75548387096774,2024,5
2024-06-01,9.45,17.256666666666668,0.8933333333333333,56.690000000000005,0.0,30,30,30,30,0,0,0,True,16.363333333333333,2024,6
2024-07-01,9.419354838709678,17.75483870967742,0.13548387096774195,54.91290322580645,0.0,31,31,31,31,0,0,0,True,17.619354838709675,2024,7
2024-08-01,10.922580645161291,18.80322580645161,1.3161290322580643,61.619354838709675,0.0,31,31,31,31,0,0,0,True,17.487096774193546,2024,8
2024-09-01,12.912334039471462,19.66,4.47,69.93333333333334,20.0,30,27,30,30,0,0,3,True,15.190000000000001,2024,9
2024-10-01,13.298577368067058,19.61935483870968,5.125806451612903,59.784,20.9,31,25,31,31,0,0,6,True,14.493548387096777,2024,10
2024-11-01,13.774716522945845,19.459999999999997,6.973333333333333,,91.5,30,23,30,30,0,0,7,True,12.486666666666665,2024,11
2024-12-01,14.060437853492836,20.09032258064516,7.061290322580645,,36.1,31,20,31,31,0,0,11,True,13.029032258064515,2024,12
