ym,target,tmean_lag0,tmean_lag1,tmean_lag2,dtr_lag0,rh_lag0,precip_lag0,roll3,clim_target,clim_lag0,anomaly_lag0,sin_month,cos_month,trend,target_date,target_month,persistence_ref
2003-03-01,10.566666666666666,10.854727923268864,11.67864006406372,11.871869939512312,9.587096774193549,73.1923076923077,114.4,11.468412642281633,10.826995775145097,11.388683087321095,-0.5339551640522302,0.8660254037844387,-0.4999999999999998,2,2003-04-01,4,10.854727923268864
2003-04-01,8.955644968149203,10.566666666666666,10.854727923268864,11.67864006406372,12.253333333333334,62.89666666666667,46.1,11.033344884666418,9.487295615757262,10.826995775145097,-0.26032910847843027,0.49999999999999994,-0.8660254037844387,3,2003-05-01,5,10.566666666666666
2003-05-01,6.59,8.955644968149203,10.566666666666666,10.854727923268864,13.07741935483871,58.223333333333336,36.7,10.12567985269491,8.192644659112537,9.487295615757262,-0.5316506476080587,1.2246467991473532e-16,-1.0,4,2003-06-01,6,8.955644968149203
2003-06-01,7.216129032258065,6.59,8.955644968149203,10.566666666666666,15.28,57.6,4.8,8.704103878271956,7.983261416161205,8.192644659112537,-1.6026446591125367,-0.4999999999999997,-0.8660254037844388,5,2003-07-01,7,6.59
2003-07-01,8.23346597768219,7.216129032258065,6.59,8.955644968149203,15.587096774193547,58.3,0.2,7.587258000135756,9.079969117186412,7.983261416161205,-0.7671323839031396,-0.8660254037844385,-0.5000000000000004,6,2003-08-01,8,7.216129032258065
2003-08-01,9.758764391465622,8.23346597768219,7.216129032258065,6.59,15.083870967741936,58.38,9.6,7.346531669980085,10.51469264889067,9.079969117186412,-0.8465031395042217,-1.0,-1.8369701987210297e-16,7,2003-09-01,9,8.23346597768219
2003-09-01,11.701788245783229,9.758764391465622,8.23346597768219,7.216129032258065,14.079999999999998,55.99310344827586,42.900000000000006,8.402786467135293,11.872569780453802,10.51469264889067,-0.7559282574250474,-0.8660254037844386,0.5000000000000001,8,2003-10-01,10,9.758764391465622
2003-10-01,12.742476513524142,11.701788245783229,9.758764391465622,8.23346597768219,13.367741935483872,53.56551724137931,25.4,9.898006204977014,12.66083487766106,11.872569780453802,-0.17078153467057255,-0.5000000000000004,0.8660254037844384,9,2003-11-01,11,11.701788245783229
2003-11-01,12.583034749911912,12.742476513524142,11.701788245783229,9.758764391465622,13.76,52.20769230769231,8.6,11.40100971692433,12.248392785430832,12.66083487766106,0.08164163586308248,-2.4492935982947064e-16,1.0,10,2003-12-01,12,12.742476513524142
2004-01-01,11.471832876859315,10.705691463160111,12.583034749911912,12.742476513524142,8.529032258064515,77.9962962962963,208.9,12.010400908865387,11.351122389516888,11.540083370849548,-0.8343919076894366,0.8660254037844386,0.5000000000000001,12,2004-02-01,2,10.705691463160111
2004-02-01,11.946501000118387,11.471832876859315,10.705691463160111,12.583034749911912,9.558620689655173,71.48846153846154,125.2,11.586853029977112,11.388683087321095,11.351122389516888,0.12071048734242673,1.0,6.123233995736766e-17,13,2004-03-01,3,11.471832876859315
2004-03-01,10.915923527829687,11.946501000118387,11.471832876859315,10.705691463160111,10.638709677419357,66.07000000000001,115.5,11.37467511337927,10.826995775145097,11.388683087321095,0.557817912797292,0.8660254037844387,-0.4999999999999998,14,2004-04-01,4,11.946501000118387
2004-04-01,8.903225806451612,10.915923527829687,11.946501000118387,11.471832876859315,11.893333333333334,65.45555555555555,29.2,11.44475246826913,9.487295615757262,10.826995775145097,0.08892775268459019,0.49999999999999994,-0.8660254037844387,15,2004-05-01,5,10.915923527829687
2004-05-01,7.131754013356173,8.903225806451612,10.915923527829687,11.946501000118387,15.64516129032258,51.225806451612904,6.2,10.588550111466562,8.192644659112537,9.487295615757262,-0.5840698093056496,1.2246467991473532e-16,-1.0,16,2004-06-01,6,8.903225806451612
2004-06-01,7.274651298262789,7.131754013356173,8.903225806451612,10.915923527829687,15.040000000000001,52.83793103448276,0.0,8.98363444921249,7.983261416161205,8.192644659112537,-1.0608906457563636,-0.4999999999999997,-0.8660254037844388,17,2004-07-01,7,7.131754013356173
2004-07-01,8.458620689655174,7.274651298262789,7.131754013356173,8.903225806451612,14.496774193548386,55.317241379310346,10.2,7.769877039356859,9.079969117186412,7.983261416161205,-0.7086101178984157,-0.8660254037844385,-0.5000000000000004,18,2004-08-01,8,7.274651298262789
2004-08-01,10.528378330791933,8.458620689655174,7.274651298262789,7.131754013356173,13.28,62.88965517241379,43.0,7.621675333758046,10.51469264889067,9.079969117186412,-0.6213484275312382,-1.0,-1.8369701987210297e-16,19,2004-09-01,9,8.458620689655174
2004-09-01,11.977362487092817,10.528378330791933,8.458620689655174,7.274651298262789,13.313333333333334,58.11785714285714,34.3,8.753883439569966,11.872569780453802,10.51469264889067,0.01368568190126318,-0.8660254037844386,0.5000000000000001,20,2004-10-01,10,10.528378330791933
2005-02-01,11.735286983933888,10.966251236345173,12.081070356680097,12.86803534237231,9.642857142857142,71.65416666666667,157.9,11.971785645132528,11.388683087321095,11.351122389516888,-0.3848711531717157,1.0,6.123233995736766e-17,25,2005-03-01,3,10.966251236345173
2005-03-01,11.070444582833701,11.735286983933888,10.966251236345173,12.081070356680097,10.74927697441602,65.692,134.6,11.594202858986387,10.826995775145097,11.388683087321095,0.3466038966127929,0.8660254037844387,-0.4999999999999998,26,2005-04-01,4,11.735286983933888
2005-04-01,9.226666666666667,11.070444582833701,11.735286983933888,10.966251236345173,12.309195402298851,62.614285714285714,45.7,11.257327601037588,9.487295615757262,10.826995775145097,0.24344880768860477,0.49999999999999994,-0.8660254037844387,27,2005-05-01,5,11.070444582833701
2005-05-01,6.59,9.226666666666667,11.070444582833701,11.735286983933888,15.138924731182795,52.88333333333333,0.4,10.677466077811419,8.192644659112537,9.487295615757262,-0.2606289490905951,1.2246467991473532e-16,-1.0,28,2005-06-01,6,9.226666666666667
2005-06-01,7.953333333333333,6.59,9.226666666666667,11.070444582833701,16.753333333333334,52.57666666666667,0.0,8.962370416500123,7.983261416161205,8.192644659112537,-1.6026446591125367,-0.4999999999999997,-0.8660254037844388,29,2005-07-01,7,6.59
2005-07-01,8.517241379310345,7.953333333333333,6.59,9.226666666666667,16.228602150537636,47.873333333333335,0.0,7.923333333333335,9.079969117186412,7.983261416161205,-0.029928082827871627,-0.8660254037844385,-0.5000000000000004,30,2005-08-01,8,7.953333333333333
2005-08-01,10.195223536540245,8.517241379310345,7.953333333333333,6.59,16.65717463848721,46.679310344827584,0.0,7.686858237547892,10.51469264889067,9.079969117186412,-0.5627277378760667,-1.0,-1.8369701987210297e-16,31,2005-09-01,9,8.517241379310345
2005-09-01,11.641948725570547,10.195223536540245,8.517241379310345,7.953333333333333,14.613333333333333,48.88965517241379,11.8,8.888599416394642,11.872569780453802,10.51469264889067,-0.31946911235042386,-0.8660254037844386,0.5000000000000001,32,2005-10-01,10,10.195223536540245
2005-10-01,12.36911804842531,11.641948725570547,10.195223536540245,8.517241379310345,13.180645161290322,52.79600000000001,39.5,10.118137880473713,12.66083487766106,11.872569780453802,-0.23062105488325457,-0.5000000000000004,0.8660254037844384,33,2005-11-01,11,11.641948725570547
2005-11-01,12.430694605384462,12.36911804842531,11.641948725570547,10.195223536540245,12.526666666666667,56.24814814814815,80.5,11.402096770178701,12.248392785430832,12.66083487766106,-0.2917168292357495,-2.4492935982947064e-16,1.0,34,2005-12-01,12,12.36911804842531
2005-12-01,10.472784349367888,12.430694605384462,12.36911804842531,11.641948725570547,10.941935483870967,62.75185185185185,97.4,12.147253793126772,11.540083370849548,12.248392785430832,0.18230181995362926,0.49999999999999994,0.8660254037844387,35,2006-01-01,1,12.430694605384462
2006-01-01,11.598724772945571,10.472784349367888,12.430694605384462,12.36911804842531,9.418064516129032,75.49600000000001,291.1,11.757532334392556,11.351122389516888,11.540083370849548,-1.0672990214816593,0.8660254037844386,0.5000000000000001,36,2006-02-01,2,10.472784349367888
2006-02-01,11.16269435445069,11.598724772945571,10.472784349367888,12.430694605384462,10.350000000000001,70.5037037037037,62.3,11.500734575899306,11.388683087321095,11.351122389516888,0.24760238342868313,1.0,6.123233995736766e-17,37,2006-03-01,3,11.598724772945571
2006-03-01,10.430580215545222,11.16269435445069,11.598724772945571,10.472784349367888,9.959139784946235,73.56896551724138,159.6,11.07806782558805,10.826995775145097,11.388683087321095,-0.22598873287040533,0.8660254037844387,-0.4999999999999998,38,2006-04-01,4,11.16269435445069
2006-04-01,8.16,10.430580215545222,11.16269435445069,11.598724772945571,11.120000000000001,66.51379310344828,44.6,11.063999780980495,9.487295615757262,10.826995775145097,-0.39641555959987507,0.49999999999999994,-0.8660254037844387,39,2006-05-01,5,10.430580215545222
2006-05-01,7.603448275862069,8.16,10.430580215545222,11.16269435445069,15.342580645161291,56.65333333333333,0.9,9.917758189998636,8.192644659112537,9.487295615757262,-1.3272956157572615,1.2246467991473532e-16,-1.0,40,2006-06-01,6,8.16
2006-06-01,6.73,7.603448275862069,8.16,10.430580215545222,14.9416091954023,56.52413793103448,0.0,8.731342830469098,7.983261416161205,8.192644659112537,-0.5891963832504672,-0.4999999999999997,-0.8660254037844388,41,2006-07-01,7,7.603448275862069
2006-07-01,8.936666666666667,6.73,7.603448275862069,8.16,16.488602150537634,51.37,0.0,7.497816091954024,9.079969117186412,7.983261416161205,-1.2532614161612043,-0.8660254037844385,-0.5000000000000004,42,2006-08-01,8,6.73
2006-09-01,11.943020447656973,10.339551367214915,8.936666666666667,6.73,15.073333333333334,52.04,21.2,8.668739344627195,11.872569780453802,10.51469264889067,-0.1751412816757547,-0.8660254037844386,0.5000000000000001,44,2006-10-01,10,10.339551367214915
2006-10-01,12.487570687761805,11.943020447656973,10.339551367214915,8.936666666666667,13.470967741935485,54.303703703703704,37.4,10.406412827179519,12.66083487766106,11.872569780453802,0.07045066720317195,-0.5000000000000004,0.8660254037844384,45,2006-11-01,11,11.943020447656973
2006-12-01,12.238877596325024,12.466655059930334,12.487570687761805,11.943020447656973,11.780645161290323,64.88,101.5,12.299082065116371,11.540083370849548,12.248392785430832,0.21826227449950153,0.49999999999999994,0.8660254037844387,47,2007-01-01,1,12.466655059930334
2007-02-01,10.609002184948324,11.852476436960364,12.238877596325024,12.466655059930334,10.507142857142856,69.36,171.0,12.186003031071907,11.388683087321095,11.351122389516888,0.5013540474434759,1.0,6.123233995736766e-17,49,2007-03-01,3,11.852476436960364
2007-03-01,10.663453109077556,10.609002184948324,11.852476436960364,12.238877596325024,9.587096774193547,75.08928571428571,236.70000000000002,11.566785406077905,10.826995775145097,11.388683087321095,-0.7796809023727711,0.8660254037844387,-0.4999999999999998,50,2007-04-01,4,10.609002184948324
2007-04-01,9.979999999999999,10.663453109077556,10.609002184948324,11.852476436960364,11.233333333333334,70.17241379310344,49.699999999999996,11.04164391032875,9.487295615757262,10.826995775145097,-0.1635426660675403,0.49999999999999994,-0.8660254037844387,51,2007-05-01,5,10.663453109077556
2007-05-01,8.848148148148148,9.979999999999999,10.663453109077556,10.609002184948324,13.863655913978494,57.78,10.6,10.417485098008626,8.192644659112537,9.487295615757262,0.492704384242737,1.2246467991473532e-16,-1.0,52,2007-06-01,6,9.979999999999999
2007-06-01,7.924137931034483,8.848148148148148,9.979999999999999,10.663453109077556,15.12888888888889,56.06296296296296,0.0,9.830533752408568,7.983261416161205,8.192644659112537,0.6555034890356115,-0.4999999999999997,-0.8660254037844388,53,2007-07-01,7,8.848148148148148
2007-07-01,9.74,7.924137931034483,8.848148148148148,9.979999999999999,14.834037819799777,52.38965517241379,3.3,8.917428693060877,9.079969117186412,7.983261416161205,-0.0591234851267215,-0.8660254037844385,-0.5000000000000004,54,2007-08-01,8,7.924137931034483
2007-08-01,10.212901876042732,9.74,7.924137931034483,8.848148148148148,15.765591397849462,50.083333333333336,1.6,8.837428693060879,10.51469264889067,9.079969117186412,0.6600308828135883,-1.0,-1.8369701987210297e-16,55,2007-09-01,9,9.74
2007-09-01,12.001340597490286,10.212901876042732,9.74,7.924137931034483,12.28,64.48965517241379,61.300000000000004,9.292346602359073,11.872569780453802,10.51469264889067,-0.3017907728479372,-0.8660254037844386,0.5000000000000001,56,2007-10-01,10,10.212901876042732
2007-10-01,11.881333545409555,12.001340597490286,10.212901876042732,9.74,13.799769585253458,58.78076923076923,77.0,10.65141415784434,12.66083487766106,11.872569780453802,0.12877081703648408,-0.5000000000000004,0.8660254037844384,57,2007-11-01,11,12.001340597490286
2007-11-01,12.14285837593715,11.881333545409555,12.001340597490286,10.212901876042732,13.728148148148149,62.62692307692308,44.2,11.36519200631419,12.248392785430832,12.66083487766106,-0.7795013322515043,-2.4492935982947064e-16,1.0,58,2007-12-01,12,11.881333545409555
2007-12-01,10.882268476012234,12.14285837593715,11.881333545409555,12.001340597490286,12.154616240266963,66.50357142857142,74.1,12.008510839612333,11.540083370849548,12.248392785430832,-0.10553440949368209,0.49999999999999994,0.8660254037844387,59,2008-01-01,1,12.14285837593715
2008-01-01,11.404543763801593,10.882268476012234,12.14285837593715,11.881333545409555,9.506340378197997,75.11851851851851,209.70000000000002,11.635486799119647,11.351122389516888,11.540083370849548,-0.6578148948373137,0.8660254037844386,0.5000000000000001,60,2008-02-01,2,10.882268476012234
2008-02-01,11.027588533520047,11.404543763801593,10.882268476012234,12.14285837593715,10.626354679802954,69.4076923076923,85.8,11.476556871916992,11.388683087321095,11.351122389516888,0.053421374284704726,1.0,6.123233995736766e-17,61,2008-03-01,3,11.404543763801593
2008-04-01,8.796666666666665,10.697454403803931,11.027588533520047,11.404543763801593,13.866666666666664,59.300000000000004,8.4,11.043195567041858,9.487295615757262,10.826995775145097,-0.1295413713411655,0.49999999999999994,-0.8660254037844387,63,2008-05-01,5,10.697454403803931
2008-05-01,8.715385661515374,8.796666666666665,10.697454403803931,11.027588533520047,15.991182795698926,49.983333333333334,6.8,10.173903201330216,8.192644659112537,9.487295615757262,-0.6906289490905966,1.2246467991473532e-16,-1.0,64,2008-06-01,6,8.796666666666665
2008-06-01,7.367741935483871,8.715385661515374,8.796666666666665,10.697454403803931,16.48,43.55862068965517,1.4,9.403168910661991,7.983261416161205,8.192644659112537,0.5227410024028369,-0.4999999999999997,-0.8660254037844388,65,2008-07-01,7,8.715385661515374
2008-07-01,8.925806451612903,7.367741935483871,8.715385661515374,8.796666666666665,16.61935483870968,47.70322580645161,0.2,8.293264754555304,9.079969117186412,7.983261416161205,-0.6155194806773334,-0.8660254037844385,-0.5000000000000004,66,2008-08-01,8,7.367741935483871
2008-08-01,10.510344827586207,8.925806451612903,7.367741935483871,8.715385661515374,16.677419354838708,47.516129032258064,0.8,8.336311349537384,10.51469264889067,9.079969117186412,-0.15416266557350866,-1.0,-1.8369701987210297e-16,67,2008-09-01,9,8.925806451612903
2008-09-01,11.982739751067603,10.510344827586207,8.925806451612903,7.367741935483871,16.460919540229888,47.16206896551724,2.4,8.934631071560995,11.872569780453802,10.51469264889067,-0.004347821304461874,-0.8660254037844386,0.5000000000000001,68,2008-10-01,10,10.510344827586207
2008-10-01,13.203871199647647,11.982739751067603,10.510344827586207,8.925806451612903,13.370107526881721,53.97931034482759,79.4,10.47296367675557,12.66083487766106,11.872569780453802,0.11016997061380174,-0.5000000000000004,0.8660254037844384,69,2008-11-01,11,11.982739751067603
2008-11-01,11.579255034259958,13.203871199647647,11.982739751067603,10.510344827586207,13.113333333333333,52.885714285714286,27.2,11.89898525943382,12.248392785430832,12.66083487766106,0.5430363219865875,-2.4492935982947064e-16,1.0,70,2008-12-01,12,13.203871199647647
2009-03-01,10.992097724798954,11.483110817998819,11.349192723387697,11.83230634976355,10.929032258064517,63.5037037037037,148.3,11.554869963716689,10.826995775145097,11.388683087321095,0.09442773067772414,0.8660254037844387,-0.4999999999999998,74,2009-04-01,4,11.483110817998819
2009-04-01,9.68198487108613,10.992097724798954,11.483110817998819,11.349192723387697,11.713333333333333,60.54137931034483,83.0,11.274800422061825,9.487295615757262,10.826995775145097,0.16510194965385772,0.49999999999999994,-0.8660254037844387,75,2009-05-01,5,10.992097724798954
2009-05-01,7.6,9.68198487108613,10.992097724798954,11.483110817998819,15.199999999999998,50.53333333333333,0.4,10.719064471294635,8.192644659112537,9.487295615757262,0.19468925532886772,1.2246467991473532e-16,-1.0,76,2009-06-01,6,9.68198487108613
2009-06-01,8.832258064516129,7.6,9.68198487108613,10.992097724798954,17.226666666666667,44.25,0.0,9.42469419862836,7.983261416161205,8.192644659112537,-0.5926446591125369,-0.4999999999999997,-0.8660254037844388,77,2009-07-01,7,7.6
2009-07-01,9.1,8.832258064516129,7.6,9.68198487108613,16.07741935483871,44.516129032258064,2.5,8.704747645200753,9.079969117186412,7.983261416161205,0.848996648354924,-0.8660254037844385,-0.5000000000000004,78,2009-08-01,8,8.832258064516129
2009-08-01,11.479990664198487,9.1,8.832258064516129,7.6,17.45763440860215,40.486666666666665,0.0,8.510752688172042,10.51469264889067,9.079969117186412,0.02003088281358778,-1.0,-1.8369701987210297e-16,79,2009-09-01,9,9.1
2009-09-01,12.76399097539187,11.479990664198487,9.1,8.832258064516129,15.47080459770115,46.45384615384615,16.4,9.80408290957154,11.872569780453802,10.51469264889067,0.9652980153078179,-0.8660254037844386,0.5000000000000001,80,2009-10-01,10,11.479990664198487
2009-10-01,12.937579732244254,12.76399097539187,11.479990664198487,9.1,14.673548387096774,51.75185185185185,56.4,11.11466054653012,12.66083487766106,11.872569780453802,0.8914211949380686,-0.5000000000000004,0.8660254037844384,81,2009-11-01,11,12.76399097539187
2010-03-01,12.17669869656307,12.720442751578913,12.306283265475791,12.415534624901863,10.354838709677416,64.25384615384615,56.300000000000004,12.480753547318855,10.826995775145097,11.388683087321095,1.3317596642578184,0.8660254037844387,-0.4999999999999998,86,2010-04-01,4,12.720442751578913
2010-04-01,10.707545197037755,12.17669869656307,12.720442751578913,12.306283265475791,12.7,59.13928571428572,12.3,12.401141571205926,9.487295615757262,10.826995775145097,1.3497029214179737,0.49999999999999994,-0.8660254037844387,87,2010-05-01,5,12.17669869656307
2010-05-01,9.93,10.707545197037755,12.17669869656307,12.720442751578913,14.554193548387097,56.282758620689656,16.1,11.86822888172658,8.192644659112537,9.487295615757262,1.220249581280493,1.2246467991473532e-16,-1.0,88,2010-06-01,6,10.707545197037755
2010-06-01,8.716129032258063,9.93,10.707545197037755,12.17669869656307,14.893333333333334,52.35333333333333,0.0,10.938081297866942,7.983261416161205,8.192644659112537,1.7373553408874631,-0.4999999999999997,-0.8660254037844388,89,2010-07-01,7,9.93
2010-07-01,9.901367952682484,8.716129032258063,9.93,10.707545197037755,18.14193548387097,45.306451612903224,0.0,9.784558076431939,9.079969117186412,7.983261416161205,0.7328676160968586,-0.8660254037844385,-0.5000000000000004,90,2010-08-01,8,8.716129032258063
2010-08-01,11.623333333333333,9.901367952682484,8.716129032258063,9.93,16.60666666666667,46.521428571428565,7.1,9.515832328313516,10.51469264889067,9.079969117186412,0.8213988354960726,-1.0,-1.8369701987210297e-16,91,2010-09-01,9,9.901367952682484
2010-09-01,12.312951053526499,11.623333333333333,9.901367952682484,8.716129032258063,16.533333333333335,49.406666666666666,2.9,10.08027677275796,11.872569780453802,10.51469264889067,1.1086406844426637,-0.8660254037844386,0.5000000000000001,92,2010-10-01,10,11.623333333333333
2010-11-01,12.13864764069753,13.40049985847108,12.312951053526499,11.623333333333333,15.54809523809524,45.76923076923077,15.0,12.445594748443638,12.248392785430832,12.66083487766106,0.7396649808100211,-2.4492935982947064e-16,1.0,94,2010-12-01,12,13.40049985847108
2011-01-01,10.669100461882618,12.152092435887166,12.13864764069753,13.40049985847108,11.025806451612905,68.925,122.7,12.563746645018592,11.351122389516888,11.540083370849548,0.6120090650376184,0.8660254037844386,0.5000000000000001,96,2011-02-01,2,12.152092435887166
2011-02-01,10.773333333333333,10.669100461882618,12.152092435887166,12.13864764069753,8.707142857142856,78.91923076923078,202.9,11.653280179489107,11.388683087321095,11.351122389516888,-0.6820219276342705,1.0,6.123233995736766e-17,97,2011-03-01,3,10.669100461882618
2011-03-01,11.158620689655173,10.773333333333333,10.669100461882618,12.152092435887166,8.861720430107525,78.31,116.5,11.198175410367705,10.826995775145097,11.388683087321095,-0.6153497539877613,0.8660254037844387,-0.4999999999999998,98,2011-04-01,4,10.773333333333333
2011-04-01,10.00799215004617,11.158620689655173,10.773333333333333,10.669100461882618,11.316781609195402,68.52413793103449,46.8,10.86701816162371,9.487295615757262,10.826995775145097,0.33162491451007625,0.49999999999999994,-0.8660254037844387,99,2011-05-01,5,11.158620689655173
2011-05-01,8.536666666666667,10.00799215004617,11.158620689655173,10.773333333333333,13.703225806451613,61.72666666666667,4.800000000000001,10.646648724344892,8.192644659112537,9.487295615757262,0.5206965342889092,1.2246467991473532e-16,-1.0,100,2011-06-01,6,10.00799215004617
2011-06-01,8.154838709677419,8.536666666666667,10.00799215004617,11.158620689655173,15.473333333333333,55.75,0.0,9.901093168789338,7.983261416161205,8.192644659112537,0.3440220075541305,-0.4999999999999997,-0.8660254037844388,101,2011-07-01,7,8.536666666666667
2011-07-01,10.19,8.154838709677419,8.536666666666667,10.00799215004617,14.69032258064516,55.58387096774193,6.3999999999999995,8.899832508796752,9.079969117186412,7.983261416161205,0.1715772935162141,-0.8660254037844385,-0.5000000000000004,102,2011-08-01,8,8.154838709677419
2011-08-01,10.619895840045665,10.19,8.154838709677419,8.536666666666667,15.292043010752687,53.49,0.2,8.960501792114696,10.51469264889067,9.079969117186412,1.1100308828135876,-1.0,-1.8369701987210297e-16,103,2011-09-01,9,10.19
2011-09-01,12.053724690462404,10.619895840045665,10.19,8.154838709677419,13.433333333333334,57.353571428571435,45.800000000000004,9.65491151657436,11.872569780453802,10.51469264889067,0.10520319115499532,-0.8660254037844386,0.5000000000000001,104,2011-10-01,10,10.619895840045665
2011-10-01,13.398166479700892,12.053724690462404,10.619895840045665,10.19,14.400860215053761,51.288000000000004,25.7,10.954540176836025,12.66083487766106,11.872569780453802,0.18115491000860295,-0.5000000000000004,0.8660254037844384,105,2011-11-01,11,12.053724690462404
2012-01-01,10.24408880380009,11.425375976763442,11.834232775949692,13.398166479700892,10.225806451612904,68.48571428571428,135.4,12.219258410804676,11.351122389516888,11.540083370849548,-0.1147073940861052,0.8660254037844386,0.5000000000000001,108,2012-02-01,2,11.425375976763442
2012-02-01,10.736089302092388,10.24408880380009,11.425375976763442,11.834232775949692,9.137931034482758,76.656,294.8,11.167899185504409,11.388683087321095,11.351122389516888,-1.107033585716799,1.0,6.123233995736766e-17,109,2012-03-01,3,10.24408880380009
2012-03-01,10.698453789150262,10.736089302092388,10.24408880380009,11.425375976763442,9.832258064516129,71.24333333333334,209.9,10.801851360885307,10.826995775145097,11.388683087321095,-0.6525937852287065,0.8660254037844387,-0.4999999999999998,110,2012-04-01,4,10.736089302092388
2012-04-01,8.961290322580645,10.698453789150262,10.736089302092388,10.24408880380009,10.35047619047619,68.78148148148148,60.1,10.559543965014248,9.487295615757262,10.826995775145097,-0.12854198599483446,0.49999999999999994,-0.8660254037844387,111,2012-05-01,5,10.698453789150262
2012-05-01,8.163333333333334,8.961290322580645,10.698453789150262,10.736089302092388,14.058064516129031,56.13225806451613,0.0,10.131944471274432,8.192644659112537,9.487295615757262,-0.5260052931766168,1.2246467991473532e-16,-1.0,112,2012-06-01,6,8.961290322580645
2012-06-01,8.106451612903227,8.163333333333334,8.961290322580645,10.698453789150262,15.040000000000001,51.07333333333334,0.2,9.274359148354748,7.983261416161205,8.192644659112537,-0.02931132577920259,-0.4999999999999997,-0.8660254037844388,113,2012-07-01,7,8.163333333333334
2012-07-01,9.213333333333333,8.106451612903227,8.163333333333334,8.961290322580645,15.677419354838712,50.193548387096776,0.0,8.410358422939069,9.079969117186412,7.983261416161205,0.12319019674202192,-0.8660254037844385,-0.5000000000000004,114,2012-08-01,8,8.106451612903227
2012-08-01,10.993857559103283,9.213333333333333,8.106451612903227,8.163333333333334,15.898924731182797,47.99,5.6,8.494372759856631,10.51469264889067,9.079969117186412,0.13336421614692107,-1.0,-1.8369701987210297e-16,115,2012-09-01,9,9.213333333333333
2012-09-01,12.788395500862672,10.993857559103283,9.213333333333333,8.106451612903227,12.894712643678162,52.62692307692308,9.8,9.437880835113281,11.872569780453802,10.51469264889067,0.47916491021261365,-0.8660254037844386,0.5000000000000001,116,2012-10-01,10,10.993857559103283
2013-02-01,11.380671008779046,10.945920921584099,11.089831519465365,11.304475740060056,8.175,80.75,175.8,11.113409393703174,11.388683087321095,11.351122389516888,-0.4052014679327893,1.0,6.123233995736766e-17,121,2013-03-01,3,10.945920921584099
2013-03-01,10.576354985120288,11.380671008779046,10.945920921584099,11.089831519465365,10.223225806451612,72.40344827586206,100.0,11.138807816609505,10.826995775145097,11.388683087321095,-0.008012078542048329,0.8660254037844387,-0.4999999999999998,122,2013-04-01,4,11.380671008779046
2013-04-01,9.780559955736074,10.576354985120288,11.380671008779046,10.945920921584099,12.506666666666666,59.582142857142856,14.3,10.967648971827812,9.487295615757262,10.826995775145097,-0.2506407900248089,0.49999999999999994,-0.8660254037844387,123,2013-05-01,5,10.576354985120288
2013-05-01,7.803571428571429,9.780559955736074,10.576354985120288,11.380671008779046,12.294408602150536,61.776,22.4,10.579195316545137,8.192644659112537,9.487295615757262,0.29326433997881196,1.2246467991473532e-16,-1.0,124,2013-06-01,6,9.780559955736074
2013-06-01,7.944827586206896,7.803571428571429,9.780559955736074,10.576354985120288,13.303448275862069,58.74285714285714,12.5,9.386828789809263,7.983261416161205,8.192644659112537,-0.38907323054110776,-0.4999999999999997,-0.8660254037844388,125,2013-07-01,7,7.803571428571429
2013-07-01,8.437626890152101,7.944827586206896,7.803571428571429,9.780559955736074,12.673333333333332,59.48275862068966,1.5,8.509652990171467,9.079969117186412,7.983261416161205,-0.03843382995430833,-0.8660254037844385,-0.5000000000000004,126,2013-08-01,8,7.944827586206896
2013-08-01,10.300239551488447,8.437626890152101,7.944827586206896,7.803571428571429,13.72258064516129,55.54,4.5,8.062008634976808,10.51469264889067,9.079969117186412,-0.6423422270343107,-1.0,-1.8369701987210297e-16,127,2013-09-01,9,8.437626890152101
2013-09-01,11.648258249227679,10.300239551488447,8.437626890152101,7.944827586206896,14.446666666666665,51.103571428571435,11.6,8.894231342615814,11.872569780453802,10.51469264889067,-0.21445309740222207,-0.8660254037844386,0.5000000000000001,128,2013-10-01,10,10.300239551488447
2013-10-01,12.323847513592632,11.648258249227679,10.300239551488447,8.437626890152101,12.464516129032257,61.013333333333335,32.9,10.12870823028941,12.66083487766106,11.872569780453802,-0.2243115312261228,-0.5000000000000004,0.8660254037844384,129,2013-11-01,11,11.648258249227679
2013-12-01,11.051848043873333,11.36760310148461,12.323847513592632,11.648258249227679,9.593548387096774,68.95925925925927,117.1,11.779902954768309,11.540083370849548,12.248392785430832,-0.8807896839462224,0.49999999999999994,0.8660254037844387,131,2014-01-01,1,11.36760310148461
2014-01-01,11.533797878411212,11.051848043873333,11.36760310148461,12.323847513592632,9.066666666666666,70.62142857142858,145.0,11.581099552983524,11.351122389516888,11.540083370849548,-0.4882353269762145,0.8660254037844386,0.5000000000000001,132,2014-02-01,2,11.051848043873333
2014-02-01,11.2,11.533797878411212,11.051848043873333,11.36760310148461,9.55925925925926,72.23461538461538,107.7,11.317749674589718,11.388683087321095,11.351122389516888,0.18267548889432383,1.0,6.123233995736766e-17,133,2014-03-01,3,11.533797878411212
2014-03-01,10.721890203206913,11.2,11.533797878411212,11.051848043873333,10.535483870967742,75.36451612903227,60.5,11.261881974094848,10.826995775145097,11.388683087321095,-0.1886830873210954,0.8660254037844387,-0.4999999999999998,134,2014-04-01,4,11.2
2014-04-01,9.778303951664622,10.721890203206913,11.2,11.533797878411212,10.84,69.87241379310345,40.9,11.15189602720604,9.487295615757262,10.826995775145097,-0.10510557193818393,0.49999999999999994,-0.8660254037844387,135,2014-05-01,5,10.721890203206913
2014-05-01,9.568051033455667,9.778303951664622,10.721890203206913,11.2,13.987741935483871,57.741379310344826,0.1,10.566731384957178,8.192644659112537,9.487295615757262,0.2910083359073603,1.2246467991473532e-16,-1.0,136,2014-06-01,6,9.778303951664622
2014-06-01,8.864516129032259,9.568051033455667,9.778303951664622,10.721890203206913,15.213333333333335,54.61379310344827,0.0,10.022748396109067,7.983261416161205,8.192644659112537,1.3754063743431306,-0.4999999999999997,-0.8660254037844388,137,2014-07-01,7,9.568051033455667
2014-07-01,9.171889912417805,8.864516129032259,9.568051033455667,9.778303951664622,14.606451612903227,53.193548387096776,0.2,9.403623704717516,9.079969117186412,7.983261416161205,0.881254712871054,-0.8660254037844385,-0.5000000000000004,138,2014-08-01,8,8.864516129032259
2014-08-01,9.848751024745109,9.171889912417805,8.864516129032259,9.568051033455667,13.103225806451611,59.61034482758621,28.9,9.201485691635243,10.51469264889067,9.079969117186412,0.09192079523139363,-1.0,-1.8369701987210297e-16,139,2014-09-01,9,9.171889912417805
2014-09-01,11.013471772253448,9.848751024745109,9.171889912417805,8.864516129032259,11.226666666666665,66.47407407407407,66.9,9.295052355398392,11.872569780453802,10.51469264889067,-0.6659416241455602,-0.8660254037844386,0.5000000000000001,140,2014-10-01,10,9.848751024745109
2014-10-01,12.398335981561024,11.013471772253448,9.848751024745109,9.171889912417805,11.038924731182796,64.22,45.2,10.011370903138788,12.66083487766106,11.872569780453802,-0.8590980082003536,-0.5000000000000004,0.8660254037844384,141,2014-11-01,11,11.013471772253448
2014-11-01,12.53667805789406,12.398335981561024,11.013471772253448,9.848751024745109,12.060000000000002,60.53703703703704,29.8,11.086852926186529,12.248392785430832,12.66083487766106,-0.26249889610003585,-2.4492935982947064e-16,1.0,142,2014-12-01,12,12.398335981561024
2015-02-01,10.847639882567057,11.124940304337768,10.539144505306322,12.53667805789406,9.285714285714285,73.028,121.0,11.400254289179381,11.388683087321095,11.351122389516888,-0.2261820851791203,1.0,6.123233995736766e-17,145,2015-03-01,3,11.124940304337768
2015-03-01,9.924211863704421,10.847639882567057,11.124940304337768,10.539144505306322,9.34193548387097,73.56551724137931,187.0,10.837241564070382,10.826995775145097,11.388683087321095,-0.5410432047540379,0.8660254037844387,-0.4999999999999998,146,2015-04-01,4,10.847639882567057
2015-04-01,9.75,9.924211863704421,10.847639882567057,11.124940304337768,9.266666666666666,78.03793103448275,114.1,10.63226401686975,9.487295615757262,10.826995775145097,-0.9027839114406753,0.49999999999999994,-0.8660254037844387,147,2015-05-01,5,9.924211863704421
2015-05-01,8.886666666666667,9.75,9.924211863704421,10.847639882567057,12.730322580645161,70.84666666666666,0.2,10.173950582090493,8.192644659112537,9.487295615757262,0.26270438424273834,1.2246467991473532e-16,-1.0,148,2015-06-01,6,9.75
2015-06-01,8.219354838709679,8.886666666666667,9.75,9.924211863704421,15.046666666666667,59.07333333333334,0.0,9.52029284345703,7.983261416161205,8.192644659112537,0.6940220075541301,-0.4999999999999997,-0.8660254037844388,149,2015-07-01,7,8.886666666666667
2015-07-01,8.887096774193548,8.219354838709679,8.886666666666667,9.75,15.129032258064516,59.538709677419355,1.8,8.952007168458783,9.079969117186412,7.983261416161205,0.23609342254847387,-0.8660254037844385,-0.5000000000000004,150,2015-08-01,8,8.219354838709679
2015-08-01,10.136666666666667,8.887096774193548,8.219354838709679,8.886666666666667,14.35483870967742,60.50322580645161,4.0,8.664372759856631,10.51469264889067,9.079969117186412,-0.19287234299286382,-1.0,-1.8369701987210297e-16,151,2015-09-01,9,8.887096774193548
2015-09-01,11.17765014229086,10.136666666666667,8.887096774193548,8.219354838709679,13.726666666666667,62.333333333333336,54.5,9.081039426523297,11.872569780453802,10.51469264889067,-0.37802598222400263,-0.8660254037844386,0.5000000000000001,152,2015-10-01,10,10.136666666666667
2015-10-01,12.578549597925077,11.17765014229086,10.136666666666667,8.887096774193548,13.264516129032259,62.864,41.5,10.067137861050359,12.66083487766106,11.872569780453802,-0.6949196381629417,-0.5000000000000004,0.8660254037844384,153,2015-11-01,11,11.17765014229086
2015-11-01,12.53309180635177,12.578549597925077,11.17765014229086,10.136666666666667,12.406666666666666,63.068000000000005,23.2,11.297622135627535,12.248392785430832,12.66083487766106,-0.08228527973598254,-2.4492935982947064e-16,1.0,154,2015-12-01,12,12.578549597925077
2016-01-01,11.769919943381412,12.802471554874959,12.53309180635177,12.578549597925077,11.206451612903226,70.028,79.7,12.638037653050603,11.351122389516888,11.540083370849548,1.2623881840254114,0.8660254037844386,0.5000000000000001,156,2016-02-01,2,12.802471554874959
2016-02-01,12.964475145905574,11.769919943381412,12.802471554874959,12.53309180635177,9.413300492610835,79.5125,202.6,12.368494434869381,11.388683087321095,11.351122389516888,0.41879755386452366,1.0,6.123233995736766e-17,157,2016-03-01,3,11.769919943381412
2016-03-01,10.985090394075511,12.964475145905574,11.769919943381412,12.802471554874959,11.109677419354837,70.89,9.799999999999999,12.512288881387315,10.826995775145097,11.388683087321095,1.5757920585844793,0.8660254037844387,-0.4999999999999998,158,2016-04-01,4,12.964475145905574
2016-04-01,10.13225806451613,10.985090394075511,12.964475145905574,11.769919943381412,11.333333333333332,68.17857142857143,57.5,11.906495161120832,9.487295615757262,10.826995775145097,0.15809461893041465,0.49999999999999994,-0.8660254037844387,159,2016-05-01,5,10.985090394075511
2016-05-01,8.729999999999999,10.13225806451613,10.985090394075511,12.964475145905574,14.780645161290321,52.79677419354839,0.5,11.360607868165738,8.192644659112537,9.487295615757262,0.6449624487588679,1.2246467991473532e-16,-1.0,160,2016-06-01,6,10.13225806451613
2016-06-01,8.461290322580645,8.729999999999999,10.13225806451613,10.985090394075511,15.326666666666668,51.736666666666665,2.0,9.94911615286388,7.983261416161205,8.192644659112537,0.5373553408874621,-0.4999999999999997,-0.8660254037844388,161,2016-07-01,7,8.729999999999999
2016-07-01,9.406451612903227,8.461290322580645,8.729999999999999,10.13225806451613,14.296774193548387,56.41290322580645,3.4,9.107849462365591,9.079969117186412,7.983261416161205,0.47802890641944007,-0.8660254037844385,-0.5000000000000004,162,2016-08-01,8,8.461290322580645
2016-08-01,10.657798115246711,9.406451612903227,8.461290322580645,8.729999999999999,15.09032258064516,55.76129032258064,0.0,8.865913978494623,10.51469264889067,9.079969117186412,0.32648249571681554,-1.0,-1.8369701987210297e-16,163,2016-09-01,9,9.406451612903227
2016-09-01,11.209334287676338,10.657798115246711,9.406451612903227,8.461290322580645,14.046666666666667,60.186206896551724,0.30000000000000004,9.508513350243527,11.872569780453802,10.51469264889067,0.14310546635604204,-0.8660254037844386,0.5000000000000001,164,2016-10-01,10,10.657798115246711
2016-10-01,12.2086693736693,11.209334287676338,10.657798115246711,9.406451612903227,12.844946236559139,62.332,76.0,10.424528005275425,12.66083487766106,11.872569780453802,-0.6632354927774635,-0.5000000000000004,0.8660254037844384,165,2016-11-01,11,11.209334287676338
2016-11-01,12.607627390192294,12.2086693736693,11.209334287676338,10.657798115246711,13.786666666666667,58.84166666666667,43.0,11.35860059219745,12.248392785430832,12.66083487766106,-0.45216550399175937,-2.4492935982947064e-16,1.0,166,2016-12-01,12,12.2086693736693
2016-12-01,10.990129718361356,12.607627390192294,12.2086693736693,11.209334287676338,12.212903225806453,56.276923076923076,49.7,12.008543683845977,11.540083370849548,12.248392785430832,0.3592346047614612,0.49999999999999994,0.8660254037844387,167,2017-01-01,1,12.607627390192294
2017-01-01,11.924999999999999,10.990129718361356,12.607627390192294,12.2086693736693,9.752413793103447,69.82592592592593,314.3,11.935475494074316,11.351122389516888,11.540083370849548,-0.5499536524881918,0.8660254037844386,0.5000000000000001,168,2017-02-01,2,10.990129718361356
2017-02-01,10.399381633339377,11.924999999999999,10.990129718361356,12.607627390192294,10.485714285714286,66.94642857142857,119.2,11.84091903618455,11.388683087321095,11.351122389516888,0.5738776104831107,1.0,6.123233995736766e-17,169,2017-03-01,3,11.924999999999999
2017-03-01,10.13103448275862,10.399381633339377,11.924999999999999,10.990129718361356,8.43225806451613,75.24,145.7,11.104837117233577,10.826995775145097,11.388683087321095,-0.9893014539817173,0.8660254037844387,-0.4999999999999998,170,2017-04-01,4,10.399381633339377
2017-04-01,9.761290322580646,10.13103448275862,10.399381633339377,11.924999999999999,10.516321839080458,69.28275862068966,45.5,10.818472038699332,9.487295615757262,10.826995775145097,-0.6959612923864764,0.49999999999999994,-0.8660254037844387,171,2017-05-01,5,10.13103448275862
2017-05-01,8.693316919226818,9.761290322580646,10.13103448275862,10.399381633339377,12.161290322580646,60.03225806451613,21.7,10.097235479559549,8.192644659112537,9.487295615757262,0.2739947068233839,1.2246467991473532e-16,-1.0,172,2017-06-01,6,9.761290322580646
2017-06-01,8.12,8.693316919226818,9.761290322580646,10.13103448275862,15.020000000000001,51.97241379310345,1.0,9.528547241522027,7.983261416161205,8.192644659112537,0.5006722601142819,-0.4999999999999997,-0.8660254037844388,173,2017-07-01,7,8.693316919226818
2017-07-01,9.67,8.12,8.693316919226818,9.761290322580646,14.990752688172043,52.68,1.6,8.858202413935821,9.079969117186412,7.983261416161205,0.13673858383879445,-0.8660254037844385,-0.5000000000000004,174,2017-08-01,8,8.12
2017-08-01,10.263333333333332,9.67,8.12,8.693316919226818,16.17483870967742,51.443333333333335,0.0,8.827772306408939,10.51469264889067,9.079969117186412,0.5900308828135881,-1.0,-1.8369701987210297e-16,175,2017-09-01,9,9.67
2017-09-01,11.359937677248862,10.263333333333332,9.67,8.12,12.173333333333332,62.736666666666665,62.3,9.351111111111111,11.872569780453802,10.51469264889067,-0.2513593155573375,-0.8660254037844386,0.5000000000000001,176,2017-10-01,10,10.263333333333332
2017-10-01,12.83251886275505,11.359937677248862,10.263333333333332,9.67,13.30322580645161,56.586666666666666,65.2,10.431090336860732,12.66083487766106,11.872569780453802,-0.5126321032049397,-0.5000000000000004,0.8660254037844384,177,2017-11-01,11,11.359937677248862
2017-11-01,12.449337335062342,12.83251886275505,11.359937677248862,10.263333333333332,12.766666666666666,51.970370370370375,23.9,11.485263291112412,12.248392785430832,12.66083487766106,0.1716839850939902,-2.4492935982947064e-16,1.0,178,2017-12-01,12,12.83251886275505
2018-01-01,10.904276045062717,11.046434145919749,12.449337335062342,12.83251886275505,10.200000000000001,68.988,171.1,12.109430114579046,11.351122389516888,11.540083370849548,-0.4936492249297988,0.8660254037844386,0.5000000000000001,180,2018-02-01,2,11.046434145919749
2018-02-01,10.795725352038302,10.904276045062717,11.046434145919749,12.449337335062342,9.057142857142857,72.096,152.1,11.466682508681602,11.388683087321095,11.351122389516888,-0.4468463444541708,1.0,6.123233995736766e-17,181,2018-03-01,3,10.904276045062717
2018-03-01,10.324970618331289,10.795725352038302,10.904276045062717,11.046434145919749,9.07741935483871,71.36666666666667,114.1,10.915478514340256,10.826995775145097,11.388683087321095,-0.592957735282793,0.8660254037844387,-0.4999999999999998,182,2018-04-01,4,10.795725352038302
2018-04-01,9.087096774193547,10.324970618331289,10.795725352038302,10.904276045062717,11.393333333333334,60.09655172413793,33.199999999999996,10.67499067181077,9.487295615757262,10.826995775145097,-0.5020251568138079,0.49999999999999994,-0.8660254037844387,183,2018-05-01,5,10.324970618331289
2018-05-01,8.187283436565055,9.087096774193547,10.324970618331289,10.795725352038302,13.87741935483871,53.76451612903226,7.8,10.069264248187713,8.192644659112537,9.487295615757262,-0.4001988415637143,1.2246467991473532e-16,-1.0,184,2018-06-01,6,9.087096774193547
2018-06-01,8.703333333333335,8.187283436565055,9.087096774193547,10.324970618331289,13.005287356321837,59.06071428571429,12.9,9.19978360969663,7.983261416161205,8.192644659112537,-0.005361222547481503,-0.4999999999999997,-0.8660254037844388,185,2018-07-01,7,8.187283436565055
2018-07-01,8.712903225806452,8.703333333333335,8.187283436565055,9.087096774193547,13.606666666666666,61.69666666666667,32.1,8.659237848030644,9.079969117186412,7.983261416161205,0.7200719171721301,-0.8660254037844385,-0.5000000000000004,186,2018-08-01,8,8.703333333333335
2018-08-01,10.326666666666666,8.712903225806452,8.703333333333335,8.187283436565055,13.664516129032258,59.24516129032258,0.0,8.534506665234947,10.51469264889067,9.079969117186412,-0.36706589137996026,-1.0,-1.8369701987210297e-16,187,2018-09-01,9,8.712903225806452
2018-09-01,11.72426809098871,10.326666666666666,8.712903225806452,8.703333333333335,14.333333333333334,53.68,3.6,9.247634408602151,11.872569780453802,10.51469264889067,-0.18802598222400313,-0.8660254037844386,0.5000000000000001,188,2018-10-01,10,10.326666666666666
2018-10-01,13.639535335636507,11.72426809098871,10.326666666666666,8.712903225806452,11.096774193548388,59.64074074074074,45.5,10.254612661153944,12.66083487766106,11.872569780453802,-0.14830168946509126,-0.5000000000000004,0.8660254037844384,189,2018-11-01,11,11.72426809098871
2018-11-01,12.727239610263387,13.639535335636507,11.72426809098871,10.326666666666666,12.526666666666666,54.364,22.7,11.89682336443063,12.248392785430832,12.66083487766106,0.9787004579754477,-2.4492935982947064e-16,1.0,190,2018-12-01,12,13.639535335636507
2018-12-01,11.845985338553115,12.727239610263387,13.639535335636507,11.72426809098871,11.718709677419355,57.42,89.8,12.697014345629535,11.540083370849548,12.248392785430832,0.47884682483255503,0.49999999999999994,0.8660254037844387,191,2019-01-01,1,12.727239610263387
2019-01-01,11.516107568677535,11.845985338553115,12.727239610263387,13.639535335636507,9.792903225806455,67.70357142857144,148.2,12.737586761484337,11.351122389516888,11.540083370849548,0.3059019677035675,0.8660254037844386,0.5000000000000001,192,2019-02-01,2,11.845985338553115
2019-02-01,11.726049504113107,11.516107568677535,11.845985338553115,12.727239610263387,8.971428571428572,71.80416666666666,78.7,12.029777505831346,11.388683087321095,11.351122389516888,0.16498517916064692,1.0,6.123233995736766e-17,193,2019-03-01,3,11.516107568677535
2019-03-01,11.089866857535268,11.726049504113107,11.516107568677535,11.845985338553115,9.96,68.68148148148148,43.7,11.696047470447917,10.826995775145097,11.388683087321095,0.33736641679201185,0.8660254037844387,-0.4999999999999998,194,2019-04-01,4,11.726049504113107
2019-04-01,9.839848559868022,11.089866857535268,11.726049504113107,11.516107568677535,10.84,66.47586206896551,58.599999999999994,11.444007976775303,9.487295615757262,10.826995775145097,0.26287108239017165,0.49999999999999994,-0.8660254037844387,195,2019-05-01,5,11.089866857535268
2019-05-01,8.644925221714375,9.839848559868022,11.089866857535268,11.726049504113107,14.019354838709676,59.193333333333335,19.0,10.885254973838798,8.192644659112537,9.487295615757262,0.35255294411076044,1.2246467991473532e-16,-1.0,196,2019-06-01,6,9.839848559868022
2019-06-01,8.212903225806452,8.644925221714375,9.839848559868022,11.089866857535268,14.913333333333334,53.94827586206897,2.2,9.858213546372555,7.983261416161205,8.192644659112537,0.4522805626018389,-0.4999999999999997,-0.8660254037844388,197,2019-07-01,7,8.644925221714375
2019-07-01,9.341935483870968,8.212903225806452,8.644925221714375,9.839848559868022,14.503225806451614,53.89354838709678,7.6,8.899225669129615,9.079969117186412,7.983261416161205,0.22964180964524683,-0.8660254037844385,-0.5000000000000004,198,2019-08-01,8,8.212903225806452
2019-08-01,11.289779111687446,9.341935483870968,8.212903225806452,8.644925221714375,14.896774193548387,49.92580645161291,0.0,8.733254643797265,10.51469264889067,9.079969117186412,0.26196636668455575,-1.0,-1.8369701987210297e-16,199,2019-09-01,9,9.341935483870968
2019-09-01,11.904684377341189,11.289779111687446,9.341935483870968,8.212903225806452,12.793333333333333,58.01428571428572,12.6,9.614872607121622,11.872569780453802,10.51469264889067,0.7750864627967768,-0.8660254037844386,0.5000000000000001,200,2019-10-01,10,11.289779111687446
2019-10-01,11.819084640024222,11.904684377341189,11.289779111687446,9.341935483870968,12.716129032258067,59.88928571428572,39.900000000000006,10.845466324299869,12.66083487766106,11.872569780453802,0.03211459688738749,-0.5000000000000004,0.8660254037844384,201,2019-11-01,11,11.904684377341189
2021-05-01,9.010344827586207,9.619354838709677,10.396741045793977,10.576628208421656,13.335483870967742,54.88387096774194,23.0,10.19757469764177,8.192644659112537,9.487295615757262,0.13205922295241557,1.2246467991473532e-16,-1.0,220,2021-06-01,6,9.619354838709677
2021-06-01,9.058064516129033,9.010344827586207,9.619354838709677,10.396741045793977,15.140689655172414,49.279310344827586,0.0,9.675480237363287,7.983261416161205,8.192644659112537,0.8177001684736709,-0.4999999999999997,-0.8660254037844388,221,2021-07-01,7,9.010344827586207
2021-07-01,9.509677419354839,9.058064516129033,9.010344827586207,9.619354838709677,14.896774193548387,51.42258064516129,0.1,9.229254727474972,9.079969117186412,7.983261416161205,1.074803099967828,-0.8660254037844385,-0.5000000000000004,222,2021-08-01,8,9.058064516129033
2021-08-01,11.025268933157156,9.509677419354839,9.058064516129033,9.010344827586207,15.154838709677419,54.593548387096774,5.1,9.192695587690025,10.51469264889067,9.079969117186412,0.4297083021684269,-1.0,-1.8369701987210297e-16,223,2021-09-01,9,9.509677419354839
2021-09-01,12.68701185885695,11.025268933157156,9.509677419354839,9.058064516129033,12.94,60.6448275862069,29.5,9.864336956213675,11.872569780453802,10.51469264889067,0.5105762842664863,-0.8660254037844386,0.5000000000000001,224,2021-10-01,10,11.025268933157156
2021-10-01,13.002399087010826,12.68701185885695,11.025268933157156,9.509677419354839,13.716129032258063,55.276666666666664,36.1,11.073986070456314,12.66083487766106,11.872569780453802,0.8144420784031485,-0.5000000000000004,0.8660254037844384,225,2021-11-01,11,12.68701185885695
2021-11-01,11.499294985831433,13.002399087010826,12.68701185885695,11.025268933157156,12.373333333333331,59.19642857142857,21.2,12.238226626341644,12.248392785430832,12.66083487766106,0.34156420934976595,-2.4492935982947064e-16,1.0,226,2021-12-01,12,13.002399087010826
2022-01-01,10.99134524975355,11.385806122209642,11.499294985831433,13.002399087010826,9.883870967741935,70.30384615384615,211.0,11.9625000650173,11.351122389516888,11.540083370849548,-0.15427724863990555,0.8660254037844386,0.5000000000000001,228,2022-02-01,2,11.385806122209642
2022-02-01,11.01003809092243,10.99134524975355,11.385806122209642,11.499294985831433,9.535714285714288,69.84,95.10000000000001,11.29214878593154,11.388683087321095,11.351122389516888,-0.359777139763338,1.0,6.123233995736766e-17,229,2022-03-01,3,10.99134524975355
2024-05-01,9.45,11.577084757236756,12.723851548725197,12.190955956884405,14.75548387096774,63.46551724137931,11.2,12.163964087615453,8.192644659112537,9.487295615757262,2.0897891414794945,1.2246467991473532e-16,-1.0,256,2024-06-01,6,11.577084757236756
2024-06-01,9.419354838709678,9.45,11.577084757236756,12.723851548725197,16.363333333333333,56.690000000000005,0.0,11.250312101987317,7.983261416161205,8.192644659112537,1.2573553408874627,-0.4999999999999997,-0.8660254037844388,257,2024-07-01,7,9.45
2024-07-01,10.922580645161291,9.419354838709678,9.45,11.577084757236756,17.619354838709675,54.91290322580645,0.0,10.148813198648812,9.079969117186412,7.983261416161205,1.4360934225484732,-0.8660254037844385,-0.5000000000000004,258,2024-08-01,8,9.419354838709678
2024-08-01,12.912334039471462,10.922580645161291,9.419354838709678,9.45,17.487096774193546,61.619354838709675,0.0,9.930645161290322,10.51469264889067,9.079969117186412,1.8426115279748796,-1.0,-1.8369701987210297e-16,259,2024-09-01,9,10.922580645161291
2024-09-01,13.298577368067058,12.912334039471462,10.922580645161291,9.419354838709678,15.190000000000001,69.93333333333334,20.0,11.08475650778081,11.872569780453802,10.51469264889067,2.3976413905807927,-0.8660254037844386,0.5000000000000001,260,2024-10-01,10,12.912334039471462
2024-10-01,13.774716522945845,13.298577368067058,12.912334039471462,10.922580645161291,14.493548387096777,59.784,20.9,12.377830684233269,12.66083487766106,11.872569780453802,1.426007587613256,-0.5000000000000004,0.8660254037844384,261,2024-11-01,11,13.298577368067058
