ym,tmean_senamhi,tmean_nasa
2003-01-01,11.871869939512312,9.273870967741935
2003-02-01,11.67864006406372,9.050357142857143
2003-03-01,10.854727923268864,8.34
2003-04-01,10.566666666666666,7.852666666666666
2003-05-01,8.955644968149203,6.314838709677419
2003-06-01,6.59,5.300666666666666
2003-07-01,7.216129032258065,4.7054838709677425
2003-08-01,8.23346597768219,5.804838709677419
2003-09-01,9.758764391465622,6.538333333333333
2003-10-01,11.701788245783227,9.063870967741936
2003-11-01,12.742476513524142,9.811666666666667
2003-12-01,12.583034749911912,9.803548387096775
2004-01-01,10.705691463160113,8.791290322580645
2004-02-01,11.471832876859317,9.225172413793102
2004-03-01,11.946501000118388,9.348709677419356
2004-04-01,10.915923527829689,8.969666666666665
2004-05-01,8.903225806451612,5.468064516129032
2004-06-01,7.131754013356173,4.855666666666666
2004-07-01,7.274651298262789,5.049354838709678
2004-08-01,8.458620689655174,6.015806451612904
2004-09-01,10.528378330791933,7.819999999999999
2004-10-01,11.977362487092815,9.198387096774193
2004-12-01,12.86803534237231,10.24709677419355
2005-01-01,12.081070356680096,10.131612903225806
2005-02-01,10.966251236345173,8.961428571428572
2005-03-01,11.735286983933888,9.511290322580646
2005-04-01,11.0704445828337,8.562999999999999
2005-05-01,9.226666666666668,6.973548387096774
2005-06-01,6.59,5.0169999999999995
2005-07-01,7.953333333333333,5.622580645161291
2005-08-01,8.517241379310345,6.199354838709677
2005-09-01,10.195223536540244,6.901666666666667
2005-10-01,11.641948725570549,8.920645161290324
2005-11-01,12.36911804842531,9.535333333333334
2005-12-01,12.430694605384462,9.807741935483872
2006-01-01,10.472784349367888,8.623870967741935
2006-02-01,11.598724772945571,9.563928571428573
2006-03-01,11.16269435445069,9.27258064516129
2006-04-01,10.430580215545222,8.433666666666666
2006-05-01,8.16,6.230645161290322
2006-06-01,7.603448275862069,5.896
2006-07-01,6.73,5.025161290322581
2006-08-01,8.936666666666667,6.632258064516129
2006-09-01,10.339551367214916,7.394666666666667
2006-10-01,11.943020447656972,9.358387096774194
2006-11-01,12.487570687761805,9.760333333333334
2006-12-01,12.466655059930334,10.501290322580646
2007-01-01,12.238877596325024,10.648064516129033
2007-02-01,11.852476436960364,9.776428571428571
2007-03-01,10.609002184948324,9.213870967741935
2007-04-01,10.663453109077556,8.995000000000001
2007-05-01,9.98,7.564193548387097
2007-06-01,8.848148148148148,7.006333333333333
2007-07-01,7.924137931034483,5.201935483870967
2007-08-01,9.74,7.3103225806451615
2007-09-01,10.212901876042732,7.418
2007-10-01,12.001340597490286,9.425806451612903
2007-11-01,11.881333545409555,9.638
2007-12-01,12.14285837593715,9.952903225806452
2008-01-01,10.882268476012234,9.09
2008-02-01,11.404543763801591,8.748965517241379
2008-03-01,11.027588533520047,8.262258064516129
2008-04-01,10.697454403803931,8.299
2008-05-01,8.796666666666665,5.928064516129033
2008-06-01,8.715385661515374,5.385000000000001
2008-07-01,7.367741935483871,5.341290322580646
2008-08-01,8.925806451612903,6.634516129032257
2008-09-01,10.510344827586207,8.049
2008-10-01,11.982739751067603,9.043225806451613
2008-11-01,13.203871199647647,10.439
2008-12-01,11.579255034259958,8.858387096774194
2009-01-01,11.83230634976355,9.35193548387097
2009-02-01,11.349192723387697,9.219285714285714
2009-03-01,11.48311081799882,9.03225806451613
2009-04-01,10.992097724798954,8.083
2009-05-01,9.68198487108613,6.938709677419355
2009-06-01,7.6,4.946
2009-07-01,8.832258064516129,5.214516129032258
2009-08-01,9.1,5.911935483870968
2009-09-01,11.479990664198487,8.532
2009-10-01,12.76399097539187,9.971612903225807
2009-11-01,12.937579732244254,10.785
2009-12-01,13.084609315605505,9.758387096774193
2010-01-01,12.415534624901865,9.94483870967742
2010-02-01,12.306283265475791,10.035
2010-03-01,12.720442751578911,10.166129032258064
2010-04-01,12.17669869656307,9.650333333333332
2010-05-01,10.707545197037756,7.571290322580645
2010-06-01,9.93,7.157333333333333
2010-07-01,8.716129032258063,5.392580645161291
2010-08-01,9.901367952682484,7.395483870967742
2010-09-01,11.623333333333331,8.543666666666667
2010-10-01,12.3129510535265,8.790967741935484
2010-11-01,13.40049985847108,9.724333333333334
2010-12-01,12.13864764069753,9.836451612903225
2011-01-01,12.152092435887166,9.327741935483871
2011-02-01,10.669100461882618,8.561785714285714
2011-03-01,10.773333333333332,8.461612903225806
2011-04-01,11.158620689655171,8.071
2011-05-01,10.00799215004617,6.966451612903226
2011-06-01,8.536666666666667,5.5233333333333325
2011-07-01,8.154838709677419,5.163225806451613
2011-08-01,10.19,6.71741935483871
2011-09-01,10.619895840045665,7.35
2011-10-01,12.053724690462404,8.945806451612903
2011-11-01,13.398166479700892,10.359
2011-12-01,11.834232775949692,9.12
2012-01-01,11.425375976763442,8.5
2012-02-01,10.24408880380009,8.092068965517242
2012-03-01,10.736089302092388,7.951290322580645
2012-04-01,10.698453789150262,7.362333333333334
2012-05-01,8.961290322580645,6.233548387096774
2012-06-01,8.163333333333334,5.400666666666667
2012-07-01,8.106451612903227,5.389032258064516
2012-08-01,9.213333333333331,5.926774193548387
2012-09-01,10.993857559103285,7.899333333333333
2012-10-01,12.788395500862672,9.67451612903226
2012-12-01,11.304475740060056,9.252258064516129
2013-01-01,11.089831519465363,8.662580645161292
2013-02-01,10.9459209215841,9.043214285714287
2013-03-01,11.380671008779046,9.129677419354838
2013-04-01,10.576354985120288,8.320666666666666
2013-05-01,9.780559955736074,7.228064516129032
2013-06-01,7.803571428571429,4.973333333333333
2013-07-01,7.944827586206896,5.359677419354839
2013-08-01,8.437626890152101,5.747096774193548
2013-09-01,10.300239551488447,7.499
2013-10-01,11.64825824922768,9.04225806451613
2013-11-01,12.323847513592632,9.919333333333332
2013-12-01,11.36760310148461,9.326129032258065
2014-01-01,11.051848043873331,9.039354838709677
2014-02-01,11.533797878411212,9.225357142857144
2014-03-01,11.2,9.123225806451613
2014-04-01,10.721890203206913,8.602
2014-05-01,9.778303951664622,6.486129032258065
2014-06-01,9.568051033455667,6.3340000000000005
2014-07-01,8.864516129032259,5.153870967741936
2014-08-01,9.171889912417804,6.203225806451614
2014-09-01,9.848751024745107,7.183666666666666
2014-10-01,11.013471772253448,8.537096774193548
2014-11-01,12.398335981561024,9.575333333333333
2014-12-01,12.53667805789406,9.736451612903226
2015-01-01,10.539144505306322,8.163225806451614
2015-02-01,11.124940304337768,9.112142857142857
2015-03-01,10.847639882567057,8.683870967741935
2015-04-01,9.92421186370442,7.659666666666666
2015-05-01,9.75,6.347096774193548
2015-06-01,8.886666666666667,6.428333333333333
2015-07-01,8.219354838709679,4.808709677419355
2015-08-01,8.887096774193548,6.0848387096774195
2015-09-01,10.136666666666668,7.472333333333333
2015-10-01,11.17765014229086,8.644838709677419
2015-11-01,12.578549597925075,10.350666666666665
2015-12-01,12.53309180635177,10.23258064516129
2016-01-01,12.80247155487496,10.419354838709678
2016-02-01,11.769919943381412,10.027931034482759
2016-03-01,12.964475145905574,10.297741935483872
2016-04-01,10.985090394075511,8.563333333333333
2016-05-01,10.13225806451613,6.5770967741935475
2016-06-01,8.729999999999999,5.450333333333333
2016-07-01,8.461290322580645,5.76516129032258
2016-08-01,9.406451612903227,6.4954838709677425
2016-09-01,10.657798115246711,7.800666666666667
2016-10-01,11.209334287676338,8.287096774193548
2016-11-01,12.2086693736693,9.090666666666667
2016-12-01,12.607627390192294,9.779677419354838
2017-01-01,10.990129718361356,9.13483870967742
2017-02-01,11.925,9.7325
2017-03-01,10.399381633339376,8.817419354838709
2017-04-01,10.13103448275862,8.155666666666667
2017-05-01,9.761290322580646,7.150322580645161
2017-06-01,8.693316919226818,6.218
2017-07-01,8.12,6.0367741935483865
2017-08-01,9.67,6.651290322580645
2017-09-01,10.263333333333332,7.659666666666666
2017-10-01,11.359937677248862,8.626129032258065
2017-11-01,12.83251886275505,10.055
2017-12-01,12.449337335062342,9.814193548387097
2018-01-01,11.046434145919749,8.867096774193548
2018-02-01,10.904276045062716,8.889285714285714
2018-03-01,10.795725352038302,8.68032258064516
2018-04-01,10.324970618331289,8.091000000000001
2018-05-01,9.087096774193547,6.60741935483871
2018-06-01,8.187283436565055,5.376333333333333
2018-07-01,8.703333333333335,5.790322580645161
2018-08-01,8.712903225806452,5.833548387096775
2018-09-01,10.326666666666666,7.942666666666667
2018-10-01,11.72426809098871,8.459354838709677
2018-11-01,13.639535335636507,10.007666666666667
2018-12-01,12.727239610263387,9.34258064516129
2019-01-01,11.845985338553117,9.376451612903226
2019-02-01,11.516107568677535,8.636785714285713
2019-03-01,11.726049504113108,9.433225806451613
2019-04-01,11.089866857535268,8.905
2019-05-01,9.839848559868022,6.79516129032258
2019-06-01,8.644925221714375,6.085
2019-07-01,8.212903225806452,5.299354838709678
2019-08-01,9.341935483870968,6.643870967741936
2019-09-01,11.289779111687446,8.115
2019-10-01,11.904684377341187,8.230967741935483
2019-11-01,11.819084640024222,9.620333333333333
2019-12-01,12.526052248485655,9.603548387096774
2020-01-01,12.055869754800764,9.76
2020-02-01,11.947519903589972,9.337241379310344
2020-12-01,12.331218070255735,9.603225806451613
2021-01-01,11.030631839472106,8.538064516129033
2021-03-01,10.576628208421656,8.462580645161289
2021-04-01,10.396741045793975,7.893666666666666
2021-05-01,9.619354838709675,7.114193548387097
2021-06-01,9.010344827586207,5.605666666666666
2021-07-01,9.058064516129033,6.248387096774193
2021-08-01,9.50967741935484,6.663548387096774
2021-09-01,11.025268933157156,8.783999999999999
2021-10-01,12.68701185885695,9.70483870967742
2021-11-01,13.002399087010826,9.973333333333333
2021-12-01,11.499294985831432,9.180967741935484
2022-01-01,11.385806122209642,9.20516129032258
2022-02-01,10.99134524975355,8.927142857142858
2022-03-01,11.01003809092243,8.688064516129032
2022-08-01,9.758064516129032,6.585806451612903
2022-09-01,11.103333333333332,7.775666666666667
2023-08-01,10.24860226649049,7.2787096774193545
2023-09-01,12.646666666666668,9.019
2023-10-01,14.212005564958709,10.709354838709677
2023-11-01,14.2132544259287,10.697666666666667
2023-12-01,13.61265323876006,10.782580645161291
2024-03-01,12.190955956884403,9.886451612903226
2024-04-01,12.723851548725197,10.123666666666667
2024-05-01,11.577084757236756,8.095161290322581
2024-06-01,9.45,7.096333333333333
2024-07-01,9.419354838709678,6.299354838709678
2024-08-01,10.922580645161291,7.450322580645161
2024-09-01,12.912334039471462,9.812999999999999
2024-10-01,13.298577368067058,10.099677419354839
2024-11-01,13.774716522945845,10.765333333333333
2024-12-01,14.060437853492836,10.693548387096774
