model,n_train,start,seed,mae
Multiple Linear Regression,30,0,42,1.0375781950617322
Random Forest,30,0,0,0.7293759426646459
Random Forest,30,0,1,0.7449366438773116
Random Forest,30,0,2,0.7058473634703566
Random Forest,30,0,3,0.750166309439804
Random Forest,30,0,4,0.7570689734943568
Multilayer Perceptron,30,0,0,1.6408040386832834
Multilayer Perceptron,30,0,1,1.0353354585440655
Multilayer Perceptron,30,0,2,1.41687853928219
Multilayer Perceptron,30,0,3,0.7258980762195473
Multilayer Perceptron,30,0,4,1.871826700151643
Multiple Linear Regression,30,21,42,2.6448769408988992
Random Forest,30,21,0,0.6045011436527977
Random Forest,30,21,1,0.6263429173165771
Random Forest,30,21,2,0.6220503735610674
Random Forest,30,21,3,0.6132022267922443
Random Forest,30,21,4,0.6036856085966358
Multilayer Perceptron,30,21,0,12.305621790468512
Multilayer Perceptron,30,21,1,13.291244119083013
Multilayer Perceptron,30,21,2,13.522152732855991
Multilayer Perceptron,30,21,3,9.517320289824887
Multilayer Perceptron,30,21,4,10.933347964032887
Multiple Linear Regression,30,42,42,3.13122059705702
Random Forest,30,42,0,0.5874711775996764
Random Forest,30,42,1,0.6025056371392516
Random Forest,30,42,2,0.5900130145389503
Random Forest,30,42,3,0.6099457128592735
Random Forest,30,42,4,0.582004127797231
Multilayer Perceptron,30,42,0,4.977661807933251
Multilayer Perceptron,30,42,1,3.2646731701922787
Multilayer Perceptron,30,42,2,9.379919725433737
Multilayer Perceptron,30,42,3,4.276978530320269
Multilayer Perceptron,30,42,4,3.9273425744448196
Multiple Linear Regression,30,64,42,0.9971455021407502
Random Forest,30,64,0,0.5716279661937362
Random Forest,30,64,1,0.5589690157736219
Random Forest,30,64,2,0.5609911431902896
Random Forest,30,64,3,0.5776501660010374
Random Forest,30,64,4,0.5619187221503609
Multilayer Perceptron,30,64,0,1.3656646186906491
Multilayer Perceptron,30,64,1,2.1700860739661643
Multilayer Perceptron,30,64,2,0.8482438213706178
Multilayer Perceptron,30,64,3,2.2286843278427497
Multilayer Perceptron,30,64,4,1.4208534776839004
Multiple Linear Regression,30,85,42,1.124048462943384
Random Forest,30,85,0,0.5741682966845184
Random Forest,30,85,1,0.5815255124265917
Random Forest,30,85,2,0.5690777735280652
Random Forest,30,85,3,0.561135976431543
Random Forest,30,85,4,0.5625716823510195
Multilayer Perceptron,30,85,0,2.5183280576443368
Multilayer Perceptron,30,85,1,2.709379450127333
Multilayer Perceptron,30,85,2,3.271980027709524
Multilayer Perceptron,30,85,3,3.395571212283092
Multilayer Perceptron,30,85,4,2.97453570488474
Multiple Linear Regression,30,107,42,0.7140209088141589
Random Forest,30,107,0,0.7208175121346172
Random Forest,30,107,1,0.7145797150199162
Random Forest,30,107,2,0.7172203534563698
Random Forest,30,107,3,0.7197665332461242
Random Forest,30,107,4,0.7278074805475314
Multilayer Perceptron,30,107,0,0.581334817974334
Multilayer Perceptron,30,107,1,0.7479019169296842
Multilayer Perceptron,30,107,2,0.9637763533739228
Multilayer Perceptron,30,107,3,0.6025158440107719
Multilayer Perceptron,30,107,4,0.580489277043863
Multiple Linear Regression,40,0,42,1.652818281294033
Random Forest,40,0,0,0.7427544907315687
Random Forest,40,0,1,0.7490431859776425
Random Forest,40,0,2,0.752680361984804
Random Forest,40,0,3,0.7395110381939545
Random Forest,40,0,4,0.7677072763414117
Multilayer Perceptron,40,0,0,1.747560648701082
Multilayer Perceptron,40,0,1,1.302103695800912
Multilayer Perceptron,40,0,2,0.7209196107200996
Multilayer Perceptron,40,0,3,1.214634796762272
Multilayer Perceptron,40,0,4,0.9504763823598056
Multiple Linear Regression,40,19,42,1.3219294507649646
Random Forest,40,19,0,0.5642238505817945
Random Forest,40,19,1,0.5848829965685001
Random Forest,40,19,2,0.558294784908683
Random Forest,40,19,3,0.558501369555518
Random Forest,40,19,4,0.5522426764542832
Multilayer Perceptron,40,19,0,7.078800347644772
Multilayer Perceptron,40,19,1,7.8145721749226755
Multilayer Perceptron,40,19,2,8.931534676687118
Multilayer Perceptron,40,19,3,6.602501133632259
Multilayer Perceptron,40,19,4,7.589352196644451
Multiple Linear Regression,40,38,42,0.5842763299214555
Random Forest,40,38,0,0.5467726758401238
Random Forest,40,38,1,0.5661642239075779
Random Forest,40,38,2,0.5703028307949258
Random Forest,40,38,3,0.5501149761016708
Random Forest,40,38,4,0.5584959684990317
Multilayer Perceptron,40,38,0,7.076357398580487
Multilayer Perceptron,40,38,1,3.4857922706079725
Multilayer Perceptron,40,38,2,5.883760642626952
Multilayer Perceptron,40,38,3,2.839224825137088
Multilayer Perceptron,40,38,4,4.274587203236752
Multiple Linear Regression,40,58,42,0.5973187611067461
Random Forest,40,58,0,0.5642412934595891
Random Forest,40,58,1,0.5422175165632568
Random Forest,40,58,2,0.5470822644428693
Random Forest,40,58,3,0.5635726085025236
Random Forest,40,58,4,0.5405583986293612
Multilayer Perceptron,40,58,0,1.8464479803533305
Multilayer Perceptron,40,58,1,0.865505110834493
Multilayer Perceptron,40,58,2,2.9574186177814203
Multilayer Perceptron,40,58,3,2.1987520878028946
Multilayer Perceptron,40,58,4,2.2182438751028877
Multiple Linear Regression,40,77,42,0.5280345190881568
Random Forest,40,77,0,0.539118294557334
Random Forest,40,77,1,0.5404488356872476
Random Forest,40,77,2,0.5448139424099422
Random Forest,40,77,3,0.5475865932530246
Random Forest,40,77,4,0.5364689732381063
Multilayer Perceptron,40,77,0,1.6510928734857078
Multilayer Perceptron,40,77,1,2.1530990738806253
Multilayer Perceptron,40,77,2,2.141657137307174
Multilayer Perceptron,40,77,3,1.1370375018842267
Multilayer Perceptron,40,77,4,1.35316088133578
Multiple Linear Regression,40,97,42,0.5065853727074029
Random Forest,40,97,0,0.6004747395129657
Random Forest,40,97,1,0.6184687255715883
Random Forest,40,97,2,0.6051990196859749
Random Forest,40,97,3,0.6108114887864821
Random Forest,40,97,4,0.6126021620476327
Multilayer Perceptron,40,97,0,0.5344676668673436
Multilayer Perceptron,40,97,1,0.6056040006009865
Multilayer Perceptron,40,97,2,0.5386190203961634
Multilayer Perceptron,40,97,3,0.5034288323714918
Multilayer Perceptron,40,97,4,0.5452014960156366
Multiple Linear Regression,50,0,42,0.6431918088687762
Random Forest,50,0,0,0.6019433255075549
Random Forest,50,0,1,0.6109649489011051
Random Forest,50,0,2,0.6081415366161322
Random Forest,50,0,3,0.6273732620608959
Random Forest,50,0,4,0.6419068306171535
Multilayer Perceptron,50,0,0,9.006797489009646
Multilayer Perceptron,50,0,1,7.07216471196378
Multilayer Perceptron,50,0,2,8.654788277840652
Multilayer Perceptron,50,0,3,5.176736091548981
Multilayer Perceptron,50,0,4,5.475655831599579
Multiple Linear Regression,50,17,42,1.178415322038989
Random Forest,50,17,0,0.5292066223058632
Random Forest,50,17,1,0.5392594861342576
Random Forest,50,17,2,0.5309523901299794
Random Forest,50,17,3,0.5385897448677709
Random Forest,50,17,4,0.5435349892222565
Multilayer Perceptron,50,17,0,4.158262162121077
Multilayer Perceptron,50,17,1,8.282860850190305
Multilayer Perceptron,50,17,2,8.16585730076048
Multilayer Perceptron,50,17,3,4.004396419992615
Multilayer Perceptron,50,17,4,4.767663534757628
Multiple Linear Regression,50,34,42,0.9624693944946902
Random Forest,50,34,0,0.5446651255757851
Random Forest,50,34,1,0.5509811766233828
Random Forest,50,34,2,0.5483494778077339
Random Forest,50,34,3,0.5462502911059132
Random Forest,50,34,4,0.5302132021422287
Multilayer Perceptron,50,34,0,4.031470151380046
Multilayer Perceptron,50,34,1,4.274359087897855
Multilayer Perceptron,50,34,2,2.4920455221016145
Multilayer Perceptron,50,34,3,2.149683028075339
Multilayer Perceptron,50,34,4,2.7461646494933856
Multiple Linear Regression,50,52,42,0.5577715291736322
Random Forest,50,52,0,0.5137055671070334
Random Forest,50,52,1,0.5102281467142806
Random Forest,50,52,2,0.5104348606646951
Random Forest,50,52,3,0.5202837352325236
Random Forest,50,52,4,0.5180848287807032
Multilayer Perceptron,50,52,0,1.374324970482447
Multilayer Perceptron,50,52,1,1.1738121708435132
Multilayer Perceptron,50,52,2,2.6662134961117183
Multilayer Perceptron,50,52,3,1.4128079256013286
Multilayer Perceptron,50,52,4,1.533364468147897
Multiple Linear Regression,50,69,42,0.5388433782633163
Random Forest,50,69,0,0.5291702610732321
Random Forest,50,69,1,0.5297755380501693
Random Forest,50,69,2,0.5271730268433819
Random Forest,50,69,3,0.5387821989730722
Random Forest,50,69,4,0.5231353463189821
Multilayer Perceptron,50,69,0,1.0507038543527198
Multilayer Perceptron,50,69,1,0.8391605347397353
Multilayer Perceptron,50,69,2,1.4020987501352222
Multilayer Perceptron,50,69,3,1.038774365452996
Multilayer Perceptron,50,69,4,1.2082216445383105
Multiple Linear Regression,50,87,42,0.45828761633901377
Random Forest,50,87,0,0.5572508351803903
Random Forest,50,87,1,0.562774425555959
Random Forest,50,87,2,0.5546812559
Random Forest,50,87,3,0.5602425133880924
Random Forest,50,87,4,0.5550396868364234
Multilayer Perceptron,50,87,0,0.5678409600664692
Multilayer Perceptron,50,87,1,0.6714349141172559
Multilayer Perceptron,50,87,2,0.8515870209859873
Multilayer Perceptron,50,87,3,0.6928028764442824
Multilayer Perceptron,50,87,4,0.6605752309088847
Multiple Linear Regression,60,0,42,0.5959364176352075
Random Forest,60,0,0,0.5710050906340228
Random Forest,60,0,1,0.6116143664868096
Random Forest,60,0,2,0.583990004940705
Random Forest,60,0,3,0.5905078716834639
Random Forest,60,0,4,0.5951101173318786
Multilayer Perceptron,60,0,0,5.953724200887041
Multilayer Perceptron,60,0,1,6.168629609276637
Multilayer Perceptron,60,0,2,9.517453930812197
Multilayer Perceptron,60,0,3,5.48413622320549
Multilayer Perceptron,60,0,4,5.083174992222705
Multiple Linear Regression,60,15,42,1.7688519339685131
Random Forest,60,15,0,0.48315352065244277
Random Forest,60,15,1,0.49699132348530045
Random Forest,60,15,2,0.49871403602204717
Random Forest,60,15,3,0.5045753233576704
Random Forest,60,15,4,0.48282190315746126
Multilayer Perceptron,60,15,0,4.592148151221452
Multilayer Perceptron,60,15,1,6.970525075658478
Multilayer Perceptron,60,15,2,5.1756084967756655
Multilayer Perceptron,60,15,3,4.848865819409526
Multilayer Perceptron,60,15,4,4.71580805219974
Multiple Linear Regression,60,30,42,0.5808432855470905
Random Forest,60,30,0,0.5111338444074964
Random Forest,60,30,1,0.5153636093343636
Random Forest,60,30,2,0.4994106220468228
Random Forest,60,30,3,0.5189776573918164
Random Forest,60,30,4,0.503784843793821
Multilayer Perceptron,60,30,0,2.2736777184440293
Multilayer Perceptron,60,30,1,1.6220359238564352
Multilayer Perceptron,60,30,2,2.243640422362616
Multilayer Perceptron,60,30,3,1.067181779141936
Multilayer Perceptron,60,30,4,4.068774077918712
Multiple Linear Regression,60,46,42,0.4661186087374154
Random Forest,60,46,0,0.5003932880490755
Random Forest,60,46,1,0.49730237973695013
Random Forest,60,46,2,0.5051511235226873
Random Forest,60,46,3,0.47713865786748716
Random Forest,60,46,4,0.4966077663593548
Multilayer Perceptron,60,46,0,1.0086308319507062
Multilayer Perceptron,60,46,1,1.0027291785425554
Multilayer Perceptron,60,46,2,2.5123780553742323
Multilayer Perceptron,60,46,3,0.8496433066547898
Multilayer Perceptron,60,46,4,1.6256288671207801
Multiple Linear Regression,60,61,42,0.4484354441436475
Random Forest,60,61,0,0.5112018700322902
Random Forest,60,61,1,0.5213681370100656
Random Forest,60,61,2,0.5147311969968277
Random Forest,60,61,3,0.5164401198161247
Random Forest,60,61,4,0.5009316646426359
Multilayer Perceptron,60,61,0,0.7249923958221703
Multilayer Perceptron,60,61,1,0.7102300517142268
Multilayer Perceptron,60,61,2,0.8161189690450742
Multilayer Perceptron,60,61,3,0.8868820494285405
Multilayer Perceptron,60,61,4,0.9464581139010965
Multiple Linear Regression,60,77,42,0.42802062791655665
Random Forest,60,77,0,0.5245932766408424
Random Forest,60,77,1,0.5262879204687397
Random Forest,60,77,2,0.5337263235305807
Random Forest,60,77,3,0.5356218125958695
Random Forest,60,77,4,0.5301553989462573
Multilayer Perceptron,60,77,0,0.555944670671527
Multilayer Perceptron,60,77,1,0.6099310147065343
Multilayer Perceptron,60,77,2,0.9954658355125651
Multilayer Perceptron,60,77,3,0.820761422417045
Multilayer Perceptron,60,77,4,0.7141553606732641
Multiple Linear Regression,70,0,42,1.0919740655382824
Random Forest,70,0,0,0.5117227051625581
Random Forest,70,0,1,0.5068826995389226
Random Forest,70,0,2,0.5048511857237122
Random Forest,70,0,3,0.5125067160128995
Random Forest,70,0,4,0.5077398023180425
Multilayer Perceptron,70,0,0,4.348535053241414
Multilayer Perceptron,70,0,1,4.9260690866382095
Multilayer Perceptron,70,0,2,5.548143769359826
Multilayer Perceptron,70,0,3,2.6826278116864444
Multilayer Perceptron,70,0,4,3.778025322840257
Multiple Linear Regression,70,13,42,1.1642931512447994
Random Forest,70,13,0,0.4906466365236862
Random Forest,70,13,1,0.496271338237976
Random Forest,70,13,2,0.4909311574189776
Random Forest,70,13,3,0.4885244709697006
Random Forest,70,13,4,0.4932858475427417
Multilayer Perceptron,70,13,0,2.5974627120466325
Multilayer Perceptron,70,13,1,3.887784942770116
Multilayer Perceptron,70,13,2,2.6196949850434863
Multilayer Perceptron,70,13,3,2.70989070694292
Multilayer Perceptron,70,13,4,3.0391519825480997
Multiple Linear Regression,70,26,42,0.5518630268196105
Random Forest,70,26,0,0.5019728201762583
Random Forest,70,26,1,0.4992627355490412
Random Forest,70,26,2,0.5049336010570037
Random Forest,70,26,3,0.4918457550604837
Random Forest,70,26,4,0.4959654542828675
Multilayer Perceptron,70,26,0,1.132873268390195
Multilayer Perceptron,70,26,1,1.2052085144939362
Multilayer Perceptron,70,26,2,1.2498265875553098
Multilayer Perceptron,70,26,3,0.6687651583869519
Multilayer Perceptron,70,26,4,1.724215224672575
Multiple Linear Regression,70,40,42,0.4520014958091627
Random Forest,70,40,0,0.49390786296327605
Random Forest,70,40,1,0.4942803277530316
Random Forest,70,40,2,0.5013771620344655
Random Forest,70,40,3,0.49829733050347685
Random Forest,70,40,4,0.49374101922896013
Multilayer Perceptron,70,40,0,2.32965532123669
Multilayer Perceptron,70,40,1,0.8459285178260468
Multilayer Perceptron,70,40,2,1.5759585675309067
Multilayer Perceptron,70,40,3,0.5519071358126663
Multilayer Perceptron,70,40,4,1.495212286868884
Multiple Linear Regression,70,53,42,0.4180957466866649
Random Forest,70,53,0,0.5174524206218474
Random Forest,70,53,1,0.5183766369679069
Random Forest,70,53,2,0.504171216552538
Random Forest,70,53,3,0.5101891642611227
Random Forest,70,53,4,0.5088729081335692
Multilayer Perceptron,70,53,0,1.1668159617057845
Multilayer Perceptron,70,53,1,0.642364788366461
Multilayer Perceptron,70,53,2,0.8562323561249198
Multilayer Perceptron,70,53,3,0.746877523128039
Multilayer Perceptron,70,53,4,1.0635159159020373
Multiple Linear Regression,70,67,42,0.4036003329391926
Random Forest,70,67,0,0.5050166039474883
Random Forest,70,67,1,0.4946476720144133
Random Forest,70,67,2,0.5070735056476835
Random Forest,70,67,3,0.5109757924248978
Random Forest,70,67,4,0.5047445293778787
Multilayer Perceptron,70,67,0,0.5268331455603859
Multilayer Perceptron,70,67,1,0.6135638893706102
Multilayer Perceptron,70,67,2,0.7515695414808768
Multilayer Perceptron,70,67,3,0.6518291771266786
Multilayer Perceptron,70,67,4,0.6785312626860736
Multiple Linear Regression,80,0,42,0.8070117516267786
Random Forest,80,0,0,0.4839548909078252
Random Forest,80,0,1,0.4829193867996857
Random Forest,80,0,2,0.48823252353307367
Random Forest,80,0,3,0.4919877360129401
Random Forest,80,0,4,0.4817466428385504
Multilayer Perceptron,80,0,0,2.166817074807062
Multilayer Perceptron,80,0,1,3.9305001550590952
Multilayer Perceptron,80,0,2,3.122173670957564
Multilayer Perceptron,80,0,3,2.3226664969205677
Multilayer Perceptron,80,0,4,2.8542839791636987
Multiple Linear Regression,80,11,42,0.5760893776416333
Random Forest,80,11,0,0.49663464621272607
Random Forest,80,11,1,0.494109022765852
Random Forest,80,11,2,0.4894882488363263
Random Forest,80,11,3,0.49135396862696057
Random Forest,80,11,4,0.49547095790308293
Multilayer Perceptron,80,11,0,2.2824637167354735
Multilayer Perceptron,80,11,1,2.1613507142859967
Multilayer Perceptron,80,11,2,1.5701523735234617
Multilayer Perceptron,80,11,3,1.5971342613175183
Multilayer Perceptron,80,11,4,2.12122235485486
Multiple Linear Regression,80,22,42,0.44409671880060075
Random Forest,80,22,0,0.5078833224595941
Random Forest,80,22,1,0.5064987704851984
Random Forest,80,22,2,0.517343700099812
Random Forest,80,22,3,0.5015445916028312
Random Forest,80,22,4,0.5036274691743724
Multilayer Perceptron,80,22,0,1.1650109528086998
Multilayer Perceptron,80,22,1,0.8934013676157284
Multilayer Perceptron,80,22,2,0.8693044370291577
Multilayer Perceptron,80,22,3,0.5183506158364299
Multilayer Perceptron,80,22,4,1.2247467781877315
Multiple Linear Regression,80,34,42,0.42311359767874746
Random Forest,80,34,0,0.5131397761588975
Random Forest,80,34,1,0.5114948083402079
Random Forest,80,34,2,0.5093176915803582
Random Forest,80,34,3,0.5099456248160092
Random Forest,80,34,4,0.5155280673136361
Multilayer Perceptron,80,34,0,0.9899514595482861
Multilayer Perceptron,80,34,1,0.8155881241772671
Multilayer Perceptron,80,34,2,1.5047370226023313
Multilayer Perceptron,80,34,3,0.5169900545009339
Multilayer Perceptron,80,34,4,1.6776918450644767
Multiple Linear Regression,80,45,42,0.4168413108061544
Random Forest,80,45,0,0.500087208778747
Random Forest,80,45,1,0.5082843546071553
Random Forest,80,45,2,0.49916069477212194
Random Forest,80,45,3,0.5150831935887609
Random Forest,80,45,4,0.498842682050209
Multilayer Perceptron,80,45,0,0.755117084432643
Multilayer Perceptron,80,45,1,0.8034364553105282
Multilayer Perceptron,80,45,2,1.429785913391143
Multilayer Perceptron,80,45,3,0.6807563065077318
Multilayer Perceptron,80,45,4,1.247348826401189
Multiple Linear Regression,80,57,42,0.399450286322932
Random Forest,80,57,0,0.4943398101190212
Random Forest,80,57,1,0.5032992647074743
Random Forest,80,57,2,0.4841522757857369
Random Forest,80,57,3,0.4960984522106549
Random Forest,80,57,4,0.49561136144650647
Multilayer Perceptron,80,57,0,0.618855116664681
Multilayer Perceptron,80,57,1,0.6543718331917555
Multilayer Perceptron,80,57,2,0.7989070961447885
Multilayer Perceptron,80,57,3,0.8155664756110721
Multilayer Perceptron,80,57,4,0.7128009753679255
Multiple Linear Regression,90,0,42,0.5352476724192178
Random Forest,90,0,0,0.4983989990417049
Random Forest,90,0,1,0.49268812437715565
Random Forest,90,0,2,0.4809311316715513
Random Forest,90,0,3,0.491545725186419
Random Forest,90,0,4,0.48831139285188907
Multilayer Perceptron,90,0,0,1.7246357815987814
Multilayer Perceptron,90,0,1,2.1951912424546305
Multilayer Perceptron,90,0,2,1.854625178082252
Multilayer Perceptron,90,0,3,1.4221019656709328
Multilayer Perceptron,90,0,4,1.9170580880560095
Multiple Linear Regression,90,9,42,0.5223241584812413
Random Forest,90,9,0,0.488516837137345
Random Forest,90,9,1,0.48939548894779367
Random Forest,90,9,2,0.48577698691966453
Random Forest,90,9,3,0.5080140685639061
Random Forest,90,9,4,0.4967397935234195
Multilayer Perceptron,90,9,0,1.0915600681198665
Multilayer Perceptron,90,9,1,1.201863939203153
Multilayer Perceptron,90,9,2,1.2030700633933717
Multilayer Perceptron,90,9,3,1.0608883770454927
Multilayer Perceptron,90,9,4,1.1432000828911568
Multiple Linear Regression,90,18,42,0.46260668326642784
Random Forest,90,18,0,0.5137471393435818
Random Forest,90,18,1,0.5069138939985723
Random Forest,90,18,2,0.5074937754550912
Random Forest,90,18,3,0.5020485645918329
Random Forest,90,18,4,0.51097749163643
Multilayer Perceptron,90,18,0,0.6694198528246449
Multilayer Perceptron,90,18,1,0.566859547073745
Multilayer Perceptron,90,18,2,0.5677384837680799
Multilayer Perceptron,90,18,3,0.6034015005222911
Multilayer Perceptron,90,18,4,0.8230023567162338
Multiple Linear Regression,90,28,42,0.42840225364804785
Random Forest,90,28,0,0.4895284859167596
Random Forest,90,28,1,0.49124093049627743
Random Forest,90,28,2,0.487270668859488
Random Forest,90,28,3,0.48398145573169193
Random Forest,90,28,4,0.4779292104890514
Multilayer Perceptron,90,28,0,0.503564883237986
Multilayer Perceptron,90,28,1,0.6381120598712072
Multilayer Perceptron,90,28,2,0.6028453765608897
Multilayer Perceptron,90,28,3,0.7132154662125507
Multilayer Perceptron,90,28,4,0.927046023485477
Multiple Linear Regression,90,37,42,0.4132722982995163
Random Forest,90,37,0,0.49619265862720285
Random Forest,90,37,1,0.4904296831832355
Random Forest,90,37,2,0.4783169128757633
Random Forest,90,37,3,0.49657822921200817
Random Forest,90,37,4,0.48829550348634
Multilayer Perceptron,90,37,0,0.6728236188553003
Multilayer Perceptron,90,37,1,0.6731722726374333
Multilayer Perceptron,90,37,2,1.1359078372096527
Multilayer Perceptron,90,37,3,0.5588216413449001
Multilayer Perceptron,90,37,4,0.9535494483182543
Multiple Linear Regression,90,47,42,0.42248606418159584
Random Forest,90,47,0,0.49330416134203164
Random Forest,90,47,1,0.4739299930253687
Random Forest,90,47,2,0.4830803122129186
Random Forest,90,47,3,0.48042366947624615
Random Forest,90,47,4,0.4801698198541602
Multilayer Perceptron,90,47,0,0.6457444072960983
Multilayer Perceptron,90,47,1,0.5038259091586406
Multilayer Perceptron,90,47,2,0.4987167121723003
Multilayer Perceptron,90,47,3,0.5645001311595237
Multilayer Perceptron,90,47,4,0.6085119391567797
Multiple Linear Regression,100,0,42,0.5381888267968947
Random Forest,100,0,0,0.5202008194802634
Random Forest,100,0,1,0.514788175630143
Random Forest,100,0,2,0.5223304976139878
Random Forest,100,0,3,0.5163918811944023
Random Forest,100,0,4,0.5148797431556
Multilayer Perceptron,100,0,0,0.9272866032936
Multilayer Perceptron,100,0,1,1.3565741576247698
Multilayer Perceptron,100,0,2,1.2158150639172436
Multilayer Perceptron,100,0,3,1.1229056227043195
Multilayer Perceptron,100,0,4,0.955164960642261
Multiple Linear Regression,100,7,42,0.4487277364617323
Random Forest,100,7,0,0.5012072516491903
Random Forest,100,7,1,0.5253115353992035
Random Forest,100,7,2,0.5035849423013076
Random Forest,100,7,3,0.5054426366912239
Random Forest,100,7,4,0.503575268241172
Multilayer Perceptron,100,7,0,0.895308849099201
Multilayer Perceptron,100,7,1,0.7484746161970787
Multilayer Perceptron,100,7,2,1.0356274198412307
Multilayer Perceptron,100,7,3,0.5406061504166954
Multilayer Perceptron,100,7,4,0.6304491087284722
Multiple Linear Regression,100,14,42,0.4248739833677878
Random Forest,100,14,0,0.4942622985398222
Random Forest,100,14,1,0.4966077504903902
Random Forest,100,14,2,0.4934854663048517
Random Forest,100,14,3,0.5004080022822214
Random Forest,100,14,4,0.49056247515838697
Multilayer Perceptron,100,14,0,0.9880430864024872
Multilayer Perceptron,100,14,1,0.7731044127498994
Multilayer Perceptron,100,14,2,0.6474999035353809
Multilayer Perceptron,100,14,3,0.7633173541601603
Multilayer Perceptron,100,14,4,0.7827474599522706
Multiple Linear Regression,100,22,42,0.414824796878648
Random Forest,100,22,0,0.4897541325579113
Random Forest,100,22,1,0.49827069437055893
Random Forest,100,22,2,0.49163353603091875
Random Forest,100,22,3,0.4846939370037013
Random Forest,100,22,4,0.48075167974331334
Multilayer Perceptron,100,22,0,0.8144165937894599
Multilayer Perceptron,100,22,1,0.8307252432177852
Multilayer Perceptron,100,22,2,0.7546484670399177
Multilayer Perceptron,100,22,3,0.6054636462957604
Multilayer Perceptron,100,22,4,0.6005075628997621
Multiple Linear Regression,100,29,42,0.4323493626313571
Random Forest,100,29,0,0.48187979785607665
Random Forest,100,29,1,0.47917794837753347
Random Forest,100,29,2,0.4798990350015201
Random Forest,100,29,3,0.47857485849022374
Random Forest,100,29,4,0.481088772532398
Multilayer Perceptron,100,29,0,0.4695502091200182
Multilayer Perceptron,100,29,1,0.49009500910448733
Multilayer Perceptron,100,29,2,0.7266255001890256
Multilayer Perceptron,100,29,3,0.4984510582152413
Multilayer Perceptron,100,29,4,0.5857846990376041
Multiple Linear Regression,100,37,42,0.4084089785023472
Random Forest,100,37,0,0.4852943305282501
Random Forest,100,37,1,0.4869871970895993
Random Forest,100,37,2,0.4791709916750088
Random Forest,100,37,3,0.49254615703266624
Random Forest,100,37,4,0.49351244832266306
Multilayer Perceptron,100,37,0,0.6778228572433037
Multilayer Perceptron,100,37,1,0.5671469724404081
Multilayer Perceptron,100,37,2,0.6743256291069717
Multilayer Perceptron,100,37,3,0.6177842956349636
Multilayer Perceptron,100,37,4,0.6072171447487607
Multiple Linear Regression,110,0,42,0.4868896764587255
Random Forest,110,0,0,0.5002031395444296
Random Forest,110,0,1,0.4964269369186115
Random Forest,110,0,2,0.4901468938424167
Random Forest,110,0,3,0.49213325926551
Random Forest,110,0,4,0.4857987319078335
Multilayer Perceptron,110,0,0,0.7685269742104761
Multilayer Perceptron,110,0,1,1.154482918918446
Multilayer Perceptron,110,0,2,0.9995857561857899
Multilayer Perceptron,110,0,3,0.6523842614635703
Multilayer Perceptron,110,0,4,0.8200801158347525
Multiple Linear Regression,110,5,42,0.42420584061081257
Random Forest,110,5,0,0.480388774544131
Random Forest,110,5,1,0.4939863110943286
Random Forest,110,5,2,0.48707976829503985
Random Forest,110,5,3,0.4896017298576903
Random Forest,110,5,4,0.4870831114854123
Multilayer Perceptron,110,5,0,0.6332250197083343
Multilayer Perceptron,110,5,1,0.795597576085962
Multilayer Perceptron,110,5,2,0.7363839852118483
Multilayer Perceptron,110,5,3,0.6583105535122111
Multilayer Perceptron,110,5,4,0.8853786768049803
Multiple Linear Regression,110,10,42,0.4285734175780187
Random Forest,110,10,0,0.4687620629495399
Random Forest,110,10,1,0.4910419415131022
Random Forest,110,10,2,0.47423411410016836
Random Forest,110,10,3,0.4828155980428371
Random Forest,110,10,4,0.4710359342844792
Multilayer Perceptron,110,10,0,0.6785934859439241
Multilayer Perceptron,110,10,1,0.7466332566178185
Multilayer Perceptron,110,10,2,0.9327623699809342
Multilayer Perceptron,110,10,3,0.6045515233308092
Multilayer Perceptron,110,10,4,0.9904880442636999
Multiple Linear Regression,110,16,42,0.4040558154066259
Random Forest,110,16,0,0.4810259024378133
Random Forest,110,16,1,0.4847523395144398
Random Forest,110,16,2,0.4875102623902283
Random Forest,110,16,3,0.48788370693070954
Random Forest,110,16,4,0.488280525086987
Multilayer Perceptron,110,16,0,0.4958853242410096
Multilayer Perceptron,110,16,1,0.6967722566088207
Multilayer Perceptron,110,16,2,0.7719330603689702
Multilayer Perceptron,110,16,3,0.7016943667836624
Multilayer Perceptron,110,16,4,0.6819791775084595
Multiple Linear Regression,110,21,42,0.4439234953004929
Random Forest,110,21,0,0.4784129814579034
Random Forest,110,21,1,0.4745992540282955
Random Forest,110,21,2,0.4768769527029612
Random Forest,110,21,3,0.47658442173968496
Random Forest,110,21,4,0.47970031535145585
Multilayer Perceptron,110,21,0,0.5220767602139513
Multilayer Perceptron,110,21,1,0.5468399515866652
Multilayer Perceptron,110,21,2,0.6075640040423727
Multilayer Perceptron,110,21,3,0.47592223233755965
Multilayer Perceptron,110,21,4,0.5810155571291573
Multiple Linear Regression,110,27,42,0.41924859876612897
Random Forest,110,27,0,0.48255380358850747
Random Forest,110,27,1,0.4715123113872144
Random Forest,110,27,2,0.4846651298391243
Random Forest,110,27,3,0.48365611465030317
Random Forest,110,27,4,0.47648967718767904
Multilayer Perceptron,110,27,0,0.43852318592369294
Multilayer Perceptron,110,27,1,0.4868878638724655
Multilayer Perceptron,110,27,2,0.49743517175152885
Multilayer Perceptron,110,27,3,0.5215075120671947
Multilayer Perceptron,110,27,4,0.5087027470092703
Multiple Linear Regression,120,0,42,0.4404976626587195
Random Forest,120,0,0,0.4801093731024414
Random Forest,120,0,1,0.48021237728354105
Random Forest,120,0,2,0.46807014852331735
Random Forest,120,0,3,0.4781869876408147
Random Forest,120,0,4,0.4827812700624454
Multilayer Perceptron,120,0,0,0.6648537483079305
Multilayer Perceptron,120,0,1,0.854572361092239
Multilayer Perceptron,120,0,2,0.7610847020220076
Multilayer Perceptron,120,0,3,0.6205908081700152
Multilayer Perceptron,120,0,4,0.6962718280461605
Multiple Linear Regression,120,3,42,0.40781507858081395
Random Forest,120,3,0,0.47870878302975434
Random Forest,120,3,1,0.4840521194205063
Random Forest,120,3,2,0.4862018581536678
Random Forest,120,3,3,0.48568325710457816
Random Forest,120,3,4,0.4780059348355548
Multilayer Perceptron,120,3,0,0.641392668967879
Multilayer Perceptron,120,3,1,0.7099653248670501
Multilayer Perceptron,120,3,2,0.6890041226091231
Multilayer Perceptron,120,3,3,0.5343384633024724
Multilayer Perceptron,120,3,4,0.6861581194493696
Multiple Linear Regression,120,6,42,0.4064348096314698
Random Forest,120,6,0,0.4676863188815662
Random Forest,120,6,1,0.46794667512590615
Random Forest,120,6,2,0.48014620710316547
Random Forest,120,6,3,0.48263045902085006
Random Forest,120,6,4,0.4791895376168917
Multilayer Perceptron,120,6,0,0.5094937407741551
Multilayer Perceptron,120,6,1,0.6786701276688144
Multilayer Perceptron,120,6,2,0.6889551700153803
Multilayer Perceptron,120,6,3,0.6051020652201169
Multilayer Perceptron,120,6,4,0.7332136258084764
Multiple Linear Regression,120,10,42,0.42299342539863216
Random Forest,120,10,0,0.47610222254069684
Random Forest,120,10,1,0.4794323320793633
Random Forest,120,10,2,0.4675816683484446
Random Forest,120,10,3,0.47301375162845366
Random Forest,120,10,4,0.4643263221058713
Multilayer Perceptron,120,10,0,0.512217375426261
Multilayer Perceptron,120,10,1,0.6416522750332233
Multilayer Perceptron,120,10,2,0.7788808642737307
Multilayer Perceptron,120,10,3,0.5659224580607456
Multilayer Perceptron,120,10,4,0.9832356449478897
Multiple Linear Regression,120,13,42,0.4279728719636968
Random Forest,120,13,0,0.4749989227120895
Random Forest,120,13,1,0.4738320820951093
Random Forest,120,13,2,0.4665852058679498
Random Forest,120,13,3,0.4633724759717042
Random Forest,120,13,4,0.4743130628883514
Multilayer Perceptron,120,13,0,0.45776783855559106
Multilayer Perceptron,120,13,1,0.511107842012384
Multilayer Perceptron,120,13,2,0.5007928486045353
Multilayer Perceptron,120,13,3,0.48246260387015877
Multilayer Perceptron,120,13,4,0.7086567173196614
Multiple Linear Regression,120,17,42,0.41922574286989045
Random Forest,120,17,0,0.47626598231991435
Random Forest,120,17,1,0.4754379942763687
Random Forest,120,17,2,0.48183480167429493
Random Forest,120,17,3,0.48212303640810844
Random Forest,120,17,4,0.46899627788013076
Multilayer Perceptron,120,17,0,0.44731023526217345
Multilayer Perceptron,120,17,1,0.5109503742631507
Multilayer Perceptron,120,17,2,0.5049227385128061
Multilayer Perceptron,120,17,3,0.5478478908652809
Multilayer Perceptron,120,17,4,0.5592512078950678
Multiple Linear Regression,130,0,42,0.4313204472587288
Random Forest,130,0,0,0.473418011115241
Random Forest,130,0,1,0.4822854689813946
Random Forest,130,0,2,0.4724436431666403
Random Forest,130,0,3,0.4633806521086084
Random Forest,130,0,4,0.46663007781977517
Multilayer Perceptron,130,0,0,0.4543797928813146
Multilayer Perceptron,130,0,1,0.6691493392972411
Multilayer Perceptron,130,0,2,0.7230446425675778
Multilayer Perceptron,130,0,3,0.57818012137232
Multilayer Perceptron,130,0,4,0.6570127973823527
Multiple Linear Regression,130,1,42,0.4323503769205933
Random Forest,130,1,0,0.46521409455590257
Random Forest,130,1,1,0.479097895795391
Random Forest,130,1,2,0.4668815832685723
Random Forest,130,1,3,0.47925727598869056
Random Forest,130,1,4,0.46662348616425264
Multilayer Perceptron,130,1,0,0.45177020733962936
Multilayer Perceptron,130,1,1,0.5068694849634233
Multilayer Perceptron,130,1,2,0.5679541659928894
Multilayer Perceptron,130,1,3,0.4865670712603617
Multilayer Perceptron,130,1,4,0.5046165884759294
Multiple Linear Regression,130,2,42,0.4306025337251354
Random Forest,130,2,0,0.4720286511572556
Random Forest,130,2,1,0.47755817737734907
Random Forest,130,2,2,0.47313272336925555
Random Forest,130,2,3,0.47170784556892403
Random Forest,130,2,4,0.47309565555918565
Multilayer Perceptron,130,2,0,0.5429226946528327
Multilayer Perceptron,130,2,1,0.46290628673751355
Multilayer Perceptron,130,2,2,0.4732511547116471
Multilayer Perceptron,130,2,3,0.4937689404947437
Multilayer Perceptron,130,2,4,0.44788286816271666
Multiple Linear Regression,130,4,42,0.4182678011519007
Random Forest,130,4,0,0.4694680440395378
Random Forest,130,4,1,0.4656168294203371
Random Forest,130,4,2,0.47112260227488584
Random Forest,130,4,3,0.4687009212473825
Random Forest,130,4,4,0.4744548316055177
Multilayer Perceptron,130,4,0,0.48877278095361776
Multilayer Perceptron,130,4,1,0.47032140792737787
Multilayer Perceptron,130,4,2,0.4605681290672077
Multilayer Perceptron,130,4,3,0.47481295928994144
Multilayer Perceptron,130,4,4,0.44211614137860766
Multiple Linear Regression,130,5,42,0.4136056813782963
Random Forest,130,5,0,0.46906669870415557
Random Forest,130,5,1,0.4776751115897322
Random Forest,130,5,2,0.4742330839399793
Random Forest,130,5,3,0.4901243516768727
Random Forest,130,5,4,0.4761723035921832
Multilayer Perceptron,130,5,0,0.4759343316126687
Multilayer Perceptron,130,5,1,0.47683445720699985
Multilayer Perceptron,130,5,2,0.520813622048697
Multilayer Perceptron,130,5,3,0.4788368413514117
Multilayer Perceptron,130,5,4,0.4892570568338254
Multiple Linear Regression,130,7,42,0.41258424166803725
Random Forest,130,7,0,0.47991102395218377
Random Forest,130,7,1,0.4717776061596576
Random Forest,130,7,2,0.48720428012259565
Random Forest,130,7,3,0.48305034044048817
Random Forest,130,7,4,0.4769282860702574
Multilayer Perceptron,130,7,0,0.449383737507915
Multilayer Perceptron,130,7,1,0.478199546429093
Multilayer Perceptron,130,7,2,0.46212358183728214
Multilayer Perceptron,130,7,3,0.5731193828780793
Multilayer Perceptron,130,7,4,0.521669088457135
Multiple Linear Regression,137,0,42,0.42078450874468315
Random Forest,137,0,0,0.4811480560805931
Random Forest,137,0,1,0.47924351598930004
Random Forest,137,0,2,0.47932021987671825
Random Forest,137,0,3,0.47539642463160164
Random Forest,137,0,4,0.4751940240279624
Multilayer Perceptron,137,0,0,0.44094504097824955
Multilayer Perceptron,137,0,1,0.4952034849956358
Multilayer Perceptron,137,0,2,0.4696139195405064
Multilayer Perceptron,137,0,3,0.5302586663490139
Multilayer Perceptron,137,0,4,0.47192497368817105
